[
    {
        "header": "Loan Pricing & Decision Making",
        "description": [
            "Make more informed pricing decisions that accurately capture the following elements: Interest Income, Fees Income, Cost of Funds, Fund Transfer Pricing (FTP), Customer Acquisition, Servicing, Overhead Allocation, Prepayment Risk, Probability of Default (PD), Loss Given Default (LGD), Exposure at Default (EAD), Expected Credit Loss (EL) – (CECL), Contingent Liquidity Reserve, Tax Rate, Leverage, (ROA), and Return on Equity (ROE)", "Establish Fund Transfer Pricing (FTP) curve and define the credit margin and commercial margin"
        ]
    },
    {
        "header": "Revenue and Expense Modeling",
        "description": [
            "Assess the relative profitability of loans by vintage, credit tier and asset class", "Allocate the split between interest revenue and fees revenue", "Break even analysis: analyze operating and overhead expenses relative to portfolio size", "Create 3 statement financial projections: Forecast the origination pipeline including number of applications, approvals, commitments, and funding as well as being able to project the BS, P&L, and CF statements over 30 years"
        ]
    },
    {
        "header": "Balance Sheet Structuring",
        "description": [
            "Set the assets, liability, equity requirements to support Operating Expenses (OPEX) and loan portfolio growth", "Set management ROA, ROE and leverage target", "Reflect the income statement on the balance sheet and the cash flow statement", "Incorporate securitization and funding structure as per risk level", "Address Weighted Average Cost of Capital (WACC) including cost of equity and cost of debt", "Produce an Asset-Liability Committee (ALCO) report along with supporting documentation"
        ]
    },
    {
        "header": "Asset – Liability Cash Flow Modeling",
        "description": [
            "Build loan level amortization tables by credit tier and asset class: Create and maintain accurate fixed-income cash flow projections. Calculate future principal and interest cash flows based on user-specified stress scenarios applied to interest,prepayment, default, recovery, and delinquency rates, as well as other portfolio specific assumptions", "Build liability models and transform contractual cash flow projections to behavioral cash flow projections", "Develop loan prepayment (CPR, SMM) and default (PD, LGD, EAD, EL, CECL) assumptions and scenarios and create accurate forecasts using a broad range of economic variables and dynamic modeling assumptions", "Generate a loan pipeline cash flow projections by credit tier and asset class and merge it with current portfolio forecast", "Create loan level 3 statement: Balance Sheet (BS), Income Statement (P&L) and Cash Flow (CF) Statement", "Generate prepayment and default performance data including vintage curves for multiple asset classes"
        ]
    },
    {
        "header": "Loan & Lending Company Valuation",
        "description": [
            "Loan valuation - apply Discounted Cash Flow (DCF) at the loan level to value loan portfolios, including tranches in securitizations and servicing rights, regardless of the lending vertical", "Development of expected cash flows and asset-level cash flow assumptions", "Development of discount rate assumptions", "Calculate the intrinsic “true value” share price of your lending company", "Calculate WACC, Free Cash Flow to Firm (FCFF), Free Cash Flow to Equity (FCFE), enterprise & equity value for your lending institutions instantly"
        ]
    }
]