[
	{
		"header": "Vector ML Analytics Selected to Pitch at New York Fintech Week 2023",
		"p": "New York - April 2023 - Vector ML Analytics, a leading financial forecasting platform for banks and lending institutions, is thrilled to announce its participation in the prestigious New York Fintech Week 2023, taking place from April 24-28. As part of RevTech Labs Class 18, Vector ML Analytics will be pitching its innovative solution alongside other notable startups from Techstars, Anthemis Group, Edison Partners, Better Tomorrow Ventures, Vestigo Ventures, Oak HC/FT, TTV Capital, Company Capital, RevTech Labs Capital, and Empire Startups in the Everything FinTech category."
	},
	{
		"header": "Vector ML Analytics Accepted into RevTech Labs Class 18",
		"p": "New York - March, 2023 - Vector ML Analytics is excited to announce its acceptance into RevTech Labs Class 18, a prestigious fintech accelerator program. This significant milestone underscores the hard work and vision of the Vector ML Analytics team, led by CEO Sadeq Safarini."
	},
	{
		"header": "Vector ML Analytics Joins Plug and Play Fintech Silicon Valley Accelerator Program",
		"p": "New York - Nov 15 - Vector ML Analytics, a leading financial forecasting software provider for banks and lending institutions, is proud to announce its inclusion in the Fintech Batch 16 Plug and Play Silicon Valley Accelerator Program. Ranked among the top 15 fintech companies out of over 1,000 applicants, Vector ML Analytics has solidified its position as an innovator in the financial services industry. The prestigious 12-week accelerator program connects selected startups with some of the world's leading blue-chip corporates and venture capitalists, including Aareal Bank, Abanca, Banco BRB, BNP Paribas, Danske Bank, Deutsche Bank, DZ Bank, Elo, Moody's Analytics, Raiffeisen Bank International, UBI Banca, and UniCredit."
	},
	{
		"header": "Vector ML Analytics Secures Funding from Right Side Capital Management and EV Private Investments",
		"p": "New York - Nov 2022 - Vector ML Analytics, a leading financial forecasting software provider for banks and lending institutions, is thrilled to announce the successful completion of its latest funding round, with investments from Right Side Capital Management and EV Private Investments. This financial boost will enable Vector to continue its expansion and disrupt the financial analytics market, traditionally dominated by conventional analysts."
	},
	{
		"header": "Don't Miss the 'How to Price a Loan' Panel on Thursday at 3:30 PM ET",
		"p": "New York - Jan 2022 - Vector ML Analytics invites you to attend the 'How to Price a Loan' panel discussion this Thursday at 3:30 PM ET. The panel will explore the importance of accurate loan pricing, a critical aspect of a lending business that is often overlooked. Mispricing loans can lead to increased risk, poor capital efficiency, and negative impacts on margin and volume. The panel will discuss how different Canadian lenders approach pricing science and automation, offering best practices for lenders to adopt in the wake of COVID-19."
	}

]
