{
	"0": [
		{
			"header": "Collection And Use Of Your Personal Information",
			"p": [
				"VMLA, or where relevant, a designated service provider collects personal information that you choose to provide or we receive from other sources. This may include personal information you provide through this Site, on third-party websites and applications when subscribing digitally to www.vmlanalytics.com or VMLA Businessweek, through registering for our services and products, through requesting certain VMLA services or products, by submitting the information to enter a sweepstakes, contest, or other promotion or offline in connection with your VMLA Businessweek print edition subscription. We and designated service providers may obtain the following types of personal information in connection with this Site:"
			],
			"points": [
				"Name, email address, postal address, account names and passwords, or other contact information",
				"Signature, online identifier, Internet Protocol address, or other similar identifiers",
				"Professional, industry, employment-related, or education information",
				"Internet or other electronic network activity information, including but not limited to, browsing history, search history, preferences, and information regarding a user’s interaction (including reading habits) with an Internet website, application, advertisement",
				"Demographic information",
				"Billing information, credit card number or other financial information",
				"Geolocation"
			]
		},
		{
			"p": [
				"Personal information is obtained directly from you, from others authorized to provide the information, from activity on the Site, and from other parties with whom we work, such as service providers, business partners, advertisers, advertising technology providers, advertising servers, data analytics providers, and social networks. If you submit personal information about others, you represent and warrant that you are authorized to do so and that you have received authorization from the person about whom you are providing the information and that person has consented to have all information used, disclosed, and transferred in accordance with this Privacy Policy. If you choose to link your Social Media or other third-party accounts to our services, we may obtain your personal information from these sources. You may disconnect this link at any time by visiting your account page on these third-party platforms or the settings page of your mobile device. We use this information for carefully considered purposes which also benefit our customers and which include some or all of the following:"
			],
			"points": [
				"to provide and facilitate our services and products",
				"to operate our services, products, and systems properly",
				"to communicate with you",
				"to help VMLA improve, upgrade, or enhance our services and products and develop new services and products",
				"to provide support for our services and products,",
				"to maintain the quality and safety of products and services and for internal quality control purpose including debugging to identify and repair errors that impair existing intended functionality",
				"to provide you with offers and promotions about services and products of VMLA or of other parties that may be of interest to you",
				"to enhance your experience with this Site, including to save your preferences and login information, providing customized content or contextual advertisements, and providing tailored advertisements",
				"to analyze website usage, analyze use of this Site, analyze and measure ad impressions, and to protect the interests, rights, safety, or property of VMLA or others and to monitor compliance with and enforce the terms of any agreement with VMLA",
				"to monitor to detect security incidents and protect against malicious, deceptive, fraudulent or illegal activity and hold those responsible for that activity"
			]
		},
		{
			"p": [
				"VMLA or a designated service provider may also take photographs and video at VMLA offices and premises worldwide for security and other internal purposes. You may instruct VMLA at any time not to use your personal information covered by this Privacy Policy to provide you with offers and promotions. Please note that if you exercise choice in this manner, you will continue to receive communications concerning your account and products and services you requested, and in response to any requests for information by you. Please also note that this opt-out process may take some time to complete, consistent with applicable law."
			]
		},
		{
			"header": "Use Of Cookies And Other Electronic Technologies",
			"p": [
				"VMLA and the parties with whom we work (e.g., service providers, business partners, advertisers, ad technology providers and advertising servers) may place, view, and/or use “cookies”, web server logs, web beacons, pixels or other electronic technologies to collect statistical and other information about you and your use of this Site. This information may include information about the IP address of your computer, browser type, language, operating system, your mobile device, device ID, geolocation data, the state or country from which you accessed this Site services, the webpages visited, the date and the time of a visit, the websites you visited immediately before and after visiting this Site, the number of links you click within this Site, the functions you use on this Site, the databases you view and the searches you request on this Site, the types of articles you read, the data you save on or download from this Site and the number of times you view an advertisement.",
				"VMLA and the parties with whom we work may use the information collected for various reasons, either on behalf of VMLA or for the other parties’ own purposes, including research, analysis, to better serve visitors to this Site (such as by enabling log-in, providing access to certain sections of this Site, providing customized content or customized contextual advertisements, or presenting online advertising on this Site or other websites tailored to your interests as described further below), to compile aggregate and anonymous information about usage of this Site and other websites, other statistics, etc. However, if you have deleted and disabled cookies, these uses will not be possible to the extent that they are based on cookie information.",
				"To assist us with the uses described in this Privacy Policy, information collected about you and your use of this Site or other websites may be aggregated, analyzed or combined with personal or other information about you from other online or offline sources. If you prefer that we not combine non-personal information that has been collected through cookies, about your use of this Site or other websites with personal or other information about you, then please delete and disable cookies for each browser, on each computer you use to surf the Web.",
				"Most browsers are set to accept cookies by default. If you prefer, you can usually set your browser to disable cookies, or to alert you when cookies are being sent. Likewise, most mobile devices allow you to disable the ability for geo-location information to be collected from your mobile device. The help function on most browsers and mobile devices contains instructions on how to set your browser to notify you before accepting cookies, disable cookies entirely, or disable the collection of geo-location data. You need to set each browser, on each device you use to surf the Web. Thus, if you use multiple browsers (e.g., Chrome, Safari, Internet Explorer, Firefox, etc.), you should repeat this procedure with each one. Similarly, if you connect to the Web from multiple devices (e.g., work and home), you need to set each browser on each device. Depending on your jurisdiction, you may be able to utilize additional cookie management tools. However, if you disable certain cookies or refuse to accept a request to place a cookie, it is possible that some parts of this Site, such as the polls, surveys, contests, and product sales, and certain areas of this Site for which you need to log in, will not function properly and the advertising you receive when you visit this Site may not be advertisements tailored to your interests."
			]
		},
		{
			"header": "Advertisements",
			"p": [
				"VMLA, its designated service providers, or third-party advertisers or their advertising servers may also place or recognize unique cookies on your computer or use other electronic technologies in order to help display advertisements that you see on this Site or on other websites. Information about your visits to, and activity on, this Site and other websites, an IP address, the number of times you have viewed an advertisement, your interests and preferences and other such usage information is used, alone or in combination with other information, to create aggregate groups of users and to display advertisements that may be of particular interest to you or a group of users with similar interests to you. We may use Web beacons, provided by third-party advertising companies, to help manage and optimize our online advertising and product performance. Web beacons enable us to recognize a browser’s cookie when a browser visits this Site, and to learn which banner ads bring users to this Site. The use and collection of your information by third-party service providers, and third-party advertisers and their advertising servers is not covered by this Privacy Policy.",
				"Some third party websites and platforms also allow you to manage the collection and use of your information for advertising purposes. Google Ad Manager, Google Analytics for Display Advertising, and other designated service providers assist VMLA with advertisement display functions and related analytics for this Site. Note that even if you exercise choice for targeted advertising, you will still receive online advertising."
			]
		},
		{
			"header": "Disclosure Of Your Personal Information",
			"p": [
				"VMLA may disclose your personal information with our affiliates (including affiliated websites under common ownership or control) and designated service providers, for the purposes set out in this Privacy Policy. VMLA may also disclose to third parties, including advertising networks, data analytics providers and social networks, your use of our or other websites, including online identifier, Internet Protocol address, and Internet or other electronic network activity information, and the services provided by us for the purposes set out in this Privacy Policy. VMLA may disclose your personal information (excluding security photographs or video) with a sponsor or other third party (“Third-Party Provider”) that provides you with offers or promotions that may be of interest to you. You may instruct VMLA at any time not to share your personal information covered by this Privacy Policy with such Third-Party Providers by clicking here and submitting your email address and selecting “VMLA on Behalf of Select Partners”. Please note that (i) this opt-out process may take some time to complete, consistent with applicable law; and (ii) even after such opt-out process is completed, your personal information may continue to be shared with our affiliates (including affiliated websites under common ownership or control) and designated service providers.",
				"VMLA may also disclose your personal information to unaffiliated third parties if we believe in good faith that such disclosure is necessary to: (a) comply with any applicable law, rule, or regulation, or in response to a subpoena, court order, or other legal process, subject to VMLA’s Law Enforcement Data Request Statement; (b) protect the interests, rights, safety, or property of VMLA or others; (c) monitor compliance with and enforce any terms of service on this Site; (d) provide our services and products (including allowing a purchaser of VMLA or a VMLA division to continue to serve you); (e) perform other activities related to such services and products, including billing and collection; (f) provide you with offers, promotions or advertisements from VMLA; or (g) operate the systems that provide our services and products properly.",
				"If you participate in certain features of this Site (e.g., sharing news stories of interest), please note that any information you or others voluntarily disclose through use of these features, become available to the public and/or other users whom you have designated. If you choose to provide access to designated individuals, please be aware that any information you post will be visible to such individuals for their use. VMLA is not responsible for the information that you or others choose to disclose publicly on this Site, and neither VMLA’s nor others’ use of such information is subject to this Privacy Policy. The collection, further use, and/or disclosure of your information by Third-Party Providers or by other third parties is not the responsibility of VMLA. Rather, such collection, use, and/or disclosure is governed by the third parties’ privacy policies."
			]
		},
		{
			"header": "Accuracy, Security, And Retention Of Your Personal Information",
			"p": [
				"Any personal information you provide to VMLA is kept on secure servers. VMLA uses security measures appropriate to the provision of the relevant product or service, such as reasonable administrative, technical, personnel, and physical measures (a) to safeguard personal information against loss, theft, unauthorized use, disclosure, or modification; and (b) to ensure the integrity of the personal information. To help us protect your privacy, you should maintain the secrecy of the logon ID and password you may have set up in connection with your participation in this Site’s services. Personal information is retained for as long as is necessary for the purpose for which it is collected, including legitimate business reasons, and/or legal and regulatory requirements."
			]
		},
		{
			"header": "Rights With Respect To Your Personal Information",
			"p": [
				"Depending on the jurisdiction, you may have the right to access, correct, delete or restrict use of certain personal information covered by this Privacy Policy. Depending on the jurisdiction, you may also have the right to request that we refrain from processing personal information. Please bear in mind that if you exercise such rights this may affect our ability to provide our products and services. While VMLA will make reasonable efforts to accommodate your request, we also reserve the right to impose certain restrictions and requirements on such requests, if allowed or required by applicable laws.",
				"Please note that it may take some time to process your request, consistent with applicable law."
			]
		}
	],
	"1": [
		{
			"p": []
		},
		{
			"p": []
		},
		{
			"header": "1. Services and Support",
			"p": [
				"1.1 Company Provision of Services.    Subject to the terms of this Agreement, including any Service Capacity set forth herein (if any), Company will provide to Client the Services set forth above. Company shall use reasonable efforts consistent with prevailing industry standards to maintain the Services in a manner which minimizes errors and interruptions in the Services and shall perform the Services in a professional and workmanlike manner.", "1.2 License.    The Services are provided by Company as “software-as-a-service,” and thus Client does not have a license to download any aspect of the Services, except as expressly permitted or intended through the Services. Client is hereby granted, during the Term and subject to and limited by the terms of this Agreement, including any Service Capacity set forth herein (if any), a non-exclusive, non-sublicenseable, non-transferable, limited, revocable license to access and use the Services, conditioned on compliance with this Agreement. With respect to any Services that are provided through distribution of software or documentation, or are otherwise provided to Client for use on Client premises or devices, Company hereby grants Client a non-exclusive, non-transferable, non-sublicensable license to use such distributed Services during the Term and conditioned on compliance with this Agreement, only in connection with the Services.", "1.3 Restrictions.    The Services may be used only for Client’s internal business purposes and not for any commercialization by Client. Furthermore, Client will not, directly or indirectly: (i) reverse engineer, decompile, copy, mirror, disassemble or otherwise attempt to discover or reproduce the source code, object code or underlying structure, feature, function, user interface, ideas, know-how or algorithms relevant to the Services; (ii) modify, translate, or create derivative works based on the Services (except to the extent expressly permitted by Company or authorized within the Services); (iii) use or make available any portion of the Services for any timesharing, commercial or service bureau purposes or otherwise for the benefit of a third party, including as an outsourcing offering, except as expressly set forth herein; (iv) build or create applications, programs or services that are competitive with the Services; (v) remove any proprietary notices or labels; or (vi) use the Services beyond th Service Capacity or other usage limits set forth in this Agreement.", "1.4 Support and Maintenance Obligations.    Subject to the terms hereof, Company will provide Client only with those technical support and maintenance services according with Company’s standard practice, and in accordance with the Support Terms set forth in the Agreement, if any.", "1.5 Company Monitoring.    Although Company has no obligation to monitor Client’s use of the Services, Company may do so and may prohibit any use of the Services it believes may be (or alleged to be) in violation of this Agreement.", "1.6 Control Over Services.    So long as during the Term Company does not materially decrease the functionality of Services as described in this Agreement: (i) Company retains sole control over the operation, provision, maintenance, management, and performance of the Services, including the selection, deployment, modification and replacement of any software component of the Services, and maintenance, upgrades, corrections or repairs thereof; (ii) Company reserves the right to make any changes to any software component of the Services that it deems necessary or useful to maintain or enhance the quality or delivery of Company’s Services to its customers, the competitive strength of or market for Company’s Services, or the cost efficiency or performance of the Services; and (iii) Company may use global resources to provide Services and perform its obligations, unless otherwise expressly agreed."
			]
		},
		{
			"header": "2. Service Level Agreement",
			"p": [
				"2.1 Service Level Commitment and Remedies.    Company will use commercially reasonable efforts to ensure that the Services are available to Client according to the Service Level Commitment set forth above. Client's sole and exclusive remedy, and Company's entire liability, in connection with Services availability, shall be the Downtime Remedies set forth herein, if any."
			]
		},
		{
			"header": "3. Client Responsibilities; Restrictions",
			"p": [
				"3.1 Account Creation.    As part of the registration process, Client will identify an administrative user name and password for Client’s Company account. Client shall be solely responsible for maintaining, remembering and keeping confidential Client’s account information, including user name and password. Company reserves the right to refuse registration of, or cancel passwords it deems inappropriate. Client shall be responsible for maintaining the security of the Client account, passwords (including but not limited to administrative and user passwords) and files, and for all uses of Client account with or without Client’s knowledge or consent.", "3.2 Client Representations.     Client represents, covenants, and warrants that Client will use the Services only in compliance with this Agreement and with Company’s standard published policies then in effect, including as published on Company’s websites or within any application through which the Services are available (the “Policy”) and all applicable laws and regulations.", "3.3 Client Cooperation.    Client will provide all cooperation and assistance as reasonably required to enable Company to exercise its rights and perform its obligations under an in connection with the Services.", "3.4 Additional Equipment Responsibilities.    Client shall be responsible for obtaining and maintaining any equipment and ancillary services needed to connect to, access or otherwise use the Services, including, without limitation, modems, hardware, servers, software, operating systems, networking, web servers and the like (collectively, “Equipment”). Client shall also be responsible for maintaining the security of the Equipment, and for all uses of the Equipment with or without Client’s knowledge or consent", "3.5 Third Party Terms.    Client is responsible for complying with all terms of use for any software, content, service or website it loads, creates or accesses when using the Services.", "3.6 Client Data    Client may be required to provide information or data to Company to enable the provision of the Services, and Company may collect data or information from Client by or through the access or use of the Services or any Software (“Client Data”). Client hereby grants Company a non- exclusive, worldwide, royalty-free right and license to any intellectual property, including Client Data, that is necessary for Company and its designees to perform the Services. Client has sole responsibility for the accuracy, quality, and legality of any Client Data, including the means by which it was acquired by Client."
			]
		},
		{
			"header": "4. Confidentiality; Proprietary Rights",
			"p": [
				"4.1 Confidentiality.    Each party (the “Receiving Party”) understands that the other party (the “Disclosing Party”) has disclosed or may disclose confidential business, technical or financial information relating to the Disclosing Party’s business (hereinafter referred to as “Proprietary Information” of the Disclosing Party). Proprietary Information of Company includes non-public information regarding features, functionality and performance of the Services. Proprietary Information of Client includes non-public Client Data. The Receiving Party agrees: (i) to take reasonable precautions to protect such Proprietary Information, and (ii) not to use (except in performance of the Services or as otherwise permitted herein) or divulge to any third person any such Proprietary Information. The Disclosing Party agrees that the foregoing shall not apply with respect to any information after three (3) years following the disclosure thereof or any information that the Receiving Party can document (a) is or becomes generally available to the public, or (b) was in its possession or known by it prior to receipt from the Disclosing Party, or (c) was rightfully disclosed to it without restriction by a third party, or (d) was independently developed without use of any Proprietary Information of the Disclosing Party (as demonstrated by clear evidence) or (e) is required to be disclosed by law.", "4.2 Ownership Rights.    Client shall own all right, title and interest in and to the Client Data. Company shall own and retain all right, title and interest in and to (a) the Services, all improvements, enhancements or modifications thereto, (b) any software, applications, inventions or other technology developed in connection with the Services or any support, (c) any suggestions or feedback provided to Company by Client, and (d) all intellectual property rights related to any of the foregoing. No transfer of ownership of any intellectual property will occur under this Agreement. No rights or licenses are granted except as expressly set forth herein.", "4.3 Data Collection.    Company may use Client Data according to any privacy policies applicable to provision of the Services and as necessary to provide the Services (including preventative and reactive technical support), or as permitted by Client, or as otherwise required by law."
			]
		},
		{
			"header": "5. Payment of Fees",
			"p": [
				"5.1 Services Fees.     Client will pay Company the then applicable Services Fees for the Services in accordance with the Payment Terms. If Client’s use of the Services exceeds the Service Capacity or otherwise requires the payment of additional fees (per the terms of this Agreement), Client shall be billed for such usage and Client agrees to pay the additional fees in the manner provided herein (and such additional fees shall be deemed to be Services Fees for purposes of this Agreement). Company reserves the right to change the Services Fees or applicable charges and to institute new charges and Services Fees at the end of the Initial Service Term or then-current Renewal Term (if applicable), upon thirty (30) days prior notice to Client (which may be sent by email). If Client believes that Company has billed Client incorrectly, Client must contact Company no later than 60 days after the closing date on the first billing statement in which the error or problem appeared, in order to receive an adjustment or credit. Inquiries should be directed to Company’s Client support department.", "5.2 Late Fees.    Unpaid Services Fees are subject to a finance charge of 1.5% per month on any outstanding balance, or the maximum permitted by law, whichever is lower, plus all expenses of collection and may result in immediate termination of Service..", "5.3 Taxes.    Client shall be responsible for all taxes associated with Services other than U.S. taxes based on Company’s net income."
			]
		},

		{
			"header": "6. Term and Termination",
			"p": [
				"6.1 Term.    Subject to earlier termination as provided below, the term of this Agreement (the “Term”) shall be for the Initial Service Term plus any Renewal Terms (if applicable).", "6.2 Termination For Cause.    In addition to any other remedies it may have, either party may also terminate this Agreement upon thirty (30) days’ notice (or without notice in the case of nonpayment), if the other party materially breaches any of the terms or conditions of this Agreement and does not cure such breach within ten (10) days of such notice. If either party becomes insolvent, unable to pay debts when due, files for or is subject to bankruptcy or receivership or asset assignment, the other party may terminate this Agreement and cancel any unfulfilled obligations. Client will pay in full for the Services up to and including the last day on which the Services are provided.", "6.3 Survival.    All sections of this Agreement which by their nature should survive termination will survive termination, including, without limitation, accrued rights to payment, confidentiality obligations, warranty disclaimers, and limitations of liability."
			]
		},
		{
			"header": "7. Warranty and Disclaimer",
			"p": [
				"COMPANY DOES NOT WARRANT THAT THE SERVICES WILL BE UNINTERRUPTED OR ERROR FREE; NOR DOES IT MAKE ANY WARRANTY AS TO THE RESULTS THAT MAY BE OBTAINED FROM USE OF THE SERVICES. EXCEPT AS EXPRESSLY SET FORTH IN THIS SECTION, THE SERVICES ARE PROVIDED “AS IS” AND COMPANY DISCLAIMS ALL WARRANTIES, EXPRESS OR IMPLIED, INCLUDING, BUT NOT LIMITED TO, IMPLIED WARRANTIES OF MERCHANTABILITY AND FITNESS FOR A PARTICULAR PURPOSE AND NON-INFRINGEMENT."
			]
		},
		{
			"header": "8. Indemnity",
			"p": [
				"8.1 Company Indemnity Obligations.    Company shall hold Client harmless from liability to third parties resulting from infringement by the Service of any United States patent or any copyright or misappropriation of any trade secret, provided Company is promptly notified of any and all threats, claims and proceedings related thereto and given reasonable assistance and the opportunity to assume sole control over defense and settlement; Company will not be responsible for any settlement it does not approve in writing.", "8.2 Exclusions from Company Indemnity Obligations.    The foregoing obligations do not apply with respect to portions or components of the Service (i) not supplied by Company, (ii) made in whole or in part in accordance with Client specifications, (iii) that are modified after delivery by Company, (iv) combined with other products, processes or materials where the alleged infringement relates to such combination, (v) where Client continues allegedly infringing activity after being notified thereof or after being informed of modifications that would have avoided the alleged infringement, or (vi) where Client’s use of the Service is not strictly in accordance with this Agreement.", "8.3 Replacement of Infringing Services.    If, due to a claim of infringement, the Services are held by a court of competent jurisdiction to be or are believed by Company to be infringing, Company may, at its option and expense (a) replace or modify the Service to be non-infringing provided that such modification or replacement contains substantially similar features and functionality, (b) obtain for Client a license to continue using the Service, or (c) if neither of the foregoing is commercially practicable, terminate this Agreement and Client’s rights hereunder and provide Client a refund of any prepaid, unused fees for the Service.", "8.4 Client Indemnification.    Client hereby agrees to indemnify and hold harmless Company against any damages, losses, liabilities, settlements and expenses (including without limitation costs and attorneys’ fees) in connection with any claim or action that arises from an alleged violation of this Agreement or otherwise from Client’s use of Services or as a result of Company’s reliance on any Client Data or use of Client Data in connection with the provision of the Services."
			]
		},
		{
			"header": "9. Limitation of Liability",
			"p": [
				"NOTWITHSTANDING ANYTHING TO THE CONTRARY, COMPANY AND ITS SUPPLIERS (INCLUDING BUT NOT LIMITED TO ALL EQUIPMENT AND TECHNOLOGY SUPPLIERS), OFFICERS, AFFILIATES, REPRESENTATIVES, CONTRACTORS AND EMPLOYEES, SHALL NOT BE RESPONSIBLE OR LIABLE WITH RESPECT TO ANY SUBJECT MATTER OF THIS AGREEMENT OR TERMS AND CONDITIONS RELATED THERETO UNDER ANY CONTRACT, NEGLIGENCE, TORT, STRICT LIABILITY OR OTHER THEORY: (A) FOR ERROR OR INTERRUPTION OF USE OR FOR LOSS OR INACCURACY OR CORRUPTION OF DATA OR COST OF PROCUREMENT OF SUBSTITUTE GOODS, SERVICES OR TECHNOLOGY OR LOSS OF BUSINESS OR LOST REVENUES, PROFITS OR DOWNTIME COSTS, OR FOR ANY DATA BREACHES OR HACKS; (B) FOR ANY INDIRECT, EXEMPLARY, INCIDENTAL, SPECIAL OR CONSEQUENTIAL COSTS OR DAMAGES; (C) FOR ANY MATTER BEYOND COMPANY’S REASONABLE CONTROL; OR (D) FOR ANY AMOUNTS THAT, TOGETHER WITH AMOUNTS ASSOCIATED WITH ALL OTHER CLAIMS, EXCEED THE FEES PAID BY CLIENT TO COMPANY FOR THE SERVICES UNDER THIS AGREEMENT IN THE 12 MONTHS PRIOR TO THE ACT THAT GAVE RISE TO THE LIABILITY, IN EACH CASE, WHETHER OR NOT COMPANY HAS BEEN ADVISED OF THE POSSIBILITY OF SUCH DAMAGES."
			]
		},
		{
			"header": "10. Miscellaneous",
			"p": [
				"10.1 Severability.    If any provision of this Agreement is found to be unenforceable or invalid, that provision will be limited or eliminated to the minimum extent necessary so that this Agreement will otherwise remain in full force and effect and enforceable.", "10.2 Assignment.    This Agreement is not assignable, transferable or sublicensable by Client except with Company’s prior written consent. Company may transfer and assign any of its rights and obligations under this Agreement without consent.", "10.3 Entire Agreement.    This Agreement is the complete and exclusive statement of the mutual understanding of the parties and supersedes and cancels all previous written and oral agreements, communications and other understandings relating to the subject matter of this Agreement, and that all waivers and modifications must be in a writing signed by both parties, except as otherwise provided herein.", "10.4 Relationship.    No agency, partnership, joint venture, or employment is created as a result of this Agreement and Client does not have any authority of any kind to bind Company in any respect whatsoever.", "10.5 Attorney Fees.    In any action or proceeding to enforce rights under this Agreement, the prevailing party will be entitled to recover costs and attorneys’ fees.", "10.6 Notice.    All notices under this Agreement will be in writing and will be deemed to have been duly given when received, if personally delivered; the day after it is sent, if transmitted by facsimile or e-mail or if sent for next day delivery by recognized overnight delivery service; and upon receipt, if sent by certified or registered mail, return receipt requested.", "10.7 Governing Law.    This Agreement shall be governed by the laws of the State of Delaware, without regard to its conflict of laws provisions.", "10.8 Publicity.    Client agrees to reasonably cooperate with Company to serve as a reference account upon request, and hereby grants Company a license to display Client’s name and logo on its website and other marketing and sales materials to communicate that Client is a customer of Company.", "10.9 Export Restrictions.    Client may not remove or export from the United States or allow the export or re-export of the Services or anything related thereto, or any direct product thereof in violation of any restrictions, laws or regulations of the United States Department of Commerce, the United States Department of Treasury Office of Foreign Assets Control, or any other United States or foreign agency or authority. The Services and related documentation are to be deemed “commercial items,” “commercial computer software” and “commercial computer software documentation” for applicable DFAR and FAR regulations. Any use modification, reproduction, release, performance, display, or disclosure of commercial software or commercial software documentation by the U.S. Government will be governed solely by the terms of this Agreement and will be prohibited except to the extent expressly permitted by the terms of this Agreement."
			]
		}
	]
}
