[
    {
        "header": "",
        "description": [
        ]
    },
    {
        "header": "Interest Rate Risk (IRR) or Interest Rate Risk in the Banking Book (IRRBB)",
        "description": [
            "Interest rate risk is a critical aspect of asset liability management (ALM), affecting a bank's profitability and financial stability. It arises from fluctuations in interest rates that can impact the value of assets and liabilities, leading to potential mismatches and financial exposure. Vector ML Analytics provides comprehensive tools to measure, analyze, and manage various types of interest rate risks.", "Vector ML Analytics offers advanced measurement systems to quantify and manage interest rate risk", "Rate Shock Analysis is included in all the above measurement systems. It evaluates the effects of parallel and non-parallel shifts in the yield curve on NII and EVE. This analysis helps in understanding the bank's sensitivity to different interest rate scenarios and potential risks.", "By leveraging Vector ML Analytics, banks can effectively measure and manage interest rate risk through advanced simulations and analysis. These capabilities enable banks to optimize their balance sheet strategies, enhance profitability, and ensure compliance with regulatory requirements."
        ]
    },
    {
        "header": "Net Interest Income (NII)",
        "description": [
            "Net Interest Income (NII) is a fundamental measure of a bank's profitability, representing the difference between interest earned on assets (like loans and investments) and interest paid on liabilities (such as deposits and borrowings). NII is crucial for understanding both short-term and long-term financial performance. Key features of NII analysis with Vector ML Analytics include:", "Vector ML Analytics enables banks to conduct both short-term (e.g., monthly or quarterly) and extended income simulations (e.g., over 12 or 24 months). These simulations forecast how NII will evolve under different market conditions and interest rate scenarios.", "EaR measures the potential impact of interest rate changes on NII over a specified period. Vector ML Analytics calculates EaR by simulating various interest rate scenarios and their effects on NII, including 12-month and 24-month horizons."
        ]
    },
    {
        "header": "Economic Value of Equity (EVE)",
        "description": [
            "Economic Value of Equity (EVE) measures the long-term impact of interest rate changes on a bank's net worth, calculated as the present value (PV) of assets minus the present value of liabilities. This metric is crucial because it provides a comprehensive view of how interest rate fluctuations can affect the bank's overall economic value, helping to ensure financial stability and strategic resilience. Key features of EVE analysis with Vector ML Analytics include:", "By evaluating the long-term effects of interest rate changes on economic value, banks can gain a deeper understanding of potential impacts on their financial health. This insight is essential for making informed decisions that support long-term stability.", "Vector ML Analytics allows banks to simulate various interest rate scenarios, including parallel and non-parallel yield curve shifts. This capability helps identify potential risks and understand how different interest rate environments can impact EVE, aiding in the development of robust risk mitigation strategies. Additionally, it ensures compliance with regulatory requirements related to interest rate risk management by providing detailed insights into economic value under different interest rate conditions, enabling banks to meet regulatory standards and maintain sound risk management practices."
        ]
    },
    {
        "header": "Duration Gap Analysis",
        "description": [
            "Gap Analysis is essential for managing interest rate risk by evaluating the timing differences between a bank's assets and liabilities. It identifies mismatches in maturities and repricing schedules, impacting financial stability. Understanding these gaps is crucial for maintaining liquidity, optimizing interest income, and ensuring overall financial health. Key features of Gap Analysis with Vector ML Analytics include:", "The software simulates various interest rate scenarios, including parallel and non-parallel yield curve shifts, to assess how different environments affect interest rate gaps. This provides a comprehensive view of potential risks and helps banks prepare for market changes.", "Vector ML Analytics offers detailed insights into gap positions under different interest rate conditions, ensuring regulatory compliance and sound risk management practices. By analyzing interest rate gaps, it aids banks in making informed decisions to mitigate risks, adjust asset and liability maturities, optimize hedging strategies, and align interest rate risk profiles with regulatory requirements and risk appetite."
        ]
    }
]