[
    {
        "header": "",
        "description": [
        ]
    },
    {
        "header": "Static and Dynamic Loss",
        "description": [
            "Vector ML Analytics offers both static and dynamic loss analysis to help banks understand and predict potential losses over time. These analyses are critical for comprehensively assessing how various factors impact loan performance and overall credit risk.", "This approach involves evaluating historical loss data to determine baseline loss rates and trends. By examining past performance, banks can establish benchmarks and identify patterns in loan defaults and losses. Static loss analysis provides a snapshot of credit risk at a specific point in time, allowing banks to understand their exposure based on historical data.", "In contrast, dynamic loss analysis incorporates changes over time, considering how losses evolve in response to varying economic conditions and borrower behaviors. This method uses advanced predictive modeling to simulate different scenarios, including shifts in the economic environment, changes in interest rates, and fluctuations in borrower creditworthiness. Dynamic analysis helps banks anticipate future losses and adapt their risk management strategies accordingly.","Overall, static and dynamic loss analysis with Vector ML Analytics provides banks with a comprehensive view of their credit risk, enabling them to proactively manage potential losses and maintain financial stability."
        ]
    },
    {
        "header": "Vintage Analysis",
        "description": [
            "Vintage analysis is a powerful tool supported by Vector ML Analytics, enabling banks to track and assess the performance of loan portfolios based on their origination periods, or \"vintages.\" This detailed analysis helps banks understand trends and patterns in credit risk over time, providing crucial insights for managing and mitigating risk. By leveraging vintage analysis with Vector ML Analytics, banks can comprehensively track, analyze, and manage the performance of their loan portfolios, ultimately enhancing their ability to mitigate credit risk and achieve financial stability."
        ]
    },
    {
        "header": "Delinquency Migration and Roll Rate Matrix",
        "description": [
            "Vector ML Analytics provides sophisticated tools for delinquency migration analysis, offering banks a detailed view of how loans move between different delinquency stages over time. This analysis is crucial for understanding the dynamics of loan performance and identifying emerging risks within a loan portfolio."
        ]
    },
    {
        "header": "Expected Credit Loss (ECL)",
        "description": [
            "Expected Credit Loss (ECL) is a crucial metric in credit risk management, representing the net loss a financial institution incurs when a borrower defaults. ECL is calculated using the formula: ECL = PD x LGD x EAD. Vector ML Analytics provides a comprehensive suite of tools to accurately model and manage ECL, ensuring effective credit risk management.", "PD is the likelihood that a borrower will fail to repay the loan. Vector ML uses advanced machine learning classification algorithms to forecast PD based on various borrower characteristics and asset classes.", "LGD is the percentage of the total exposure a financial institution loses when a borrower defaults, accounting for any recoveries. It is defined by the equation: LGD = (1 - Recovery Rate%).", "EAD represents the total exposure at the time of default as a percentage of the loan's life. Vector ML employs survival analysis algorithms to predict EAD for different borrower profiles and asset classes.", "ECL is the net loss a financial institution incurs when a borrower defaults, calculated using the equation: EL = PD x LGD x EAD."
        ]
    },
    {
        "header": "Timing Curve",
        "description": [
            "The Default Timing Curve is a vital component in credit risk management, providing insights into the timing of defaults over the life of a loan portfolio. It helps financial institutions understand when defaults are most likely to occur, allowing for better risk prediction and management."
        ]
    },
    {
        "header": "Current Expected Credit Losses (CECL) & IFRS 9",
        "description": [
            "Compliance with regulatory frameworks such as CECL (Current Expected Credit Losses) and IFRS 9 is essential for financial institutions. These standards require banks to estimate expected credit losses over the life of their financial instruments, promoting transparency and financial stability. Vector ML Analytics offers robust capabilities to accurately model and report expected credit losses, aligning with both CECL and IFRS 9 requirements.", "Unlike the previous 'incurred loss' model, CECL mandates a forward-looking approach that takes into account historical data, current conditions, and reasonable forecasts. Key features with Vector ML Analytics include:", "IFRS 9 sets forth the principles for the recognition and measurement of financial instruments. It includes guidelines for estimating expected credit losses, requiring institutions to account for these losses from the initial recognition of financial assets. The standard employs a three-stage model for impairment, where financial assets transition through stages based on changes in credit risk since initial recognition. Vector ML Analytics supports this model by assessing and categorizing assets accordingly. For ECL calculation, Vector ML Analytics computes the 12-month ECL for Stage 1 assets and the lifetime ECL for Stage 2 and Stage 3 assets, ensuring accurate and compliant reporting. Additionally, the platform conducts scenario analyses to evaluate the impact of varying economic conditions on expected credit losses, thereby enhancing risk assessment and management."
        ]
    }
]