{
  "version": "Version 4.0.5",
  "utc": "UTC +05:30",
  "affiliates": "Affiliates",
  "networkReport": "Network Report",
  "home": "Home",
  "manager": "Manager",
  "content": "Content Hub",
  "analytics": "Analytics",
  "accounting": "Accounting",
  "growth": "Growth",
  "s4s": "S4S",
  "creators": "Creators",
  "employees": "Employees",
  "onlyFansManagerSuite": "OnlyFans Manager Suite",
  "employeeShifts": "Employee Shifts",
  "notification": "Notification",
  "settings": "Settings",
  "browser": "Anty Browser"
}