{
  "dev": {
    "REACT_APP_API_BASE_URL": "https://api.ossampledev.click/api",
    "REACT_APP_UPLOAD_API_BASE_URL": "https://api.ossampledev.click/apifileupload",
    "REACT_APP_DOWNLOAD_API_BASE_URL":"https://server-file-upload.s3.amazonaws.com",
    "REACT_APP_POS_API_BASE_URL": "https://p4unyzbbs7.execute-api.us-east-1.amazonaws.com/dev",
    "REACT_APP_BILLING_PK": "pk_test_51IVZe4BcXrzD8FljgXT2OKOgl9m41rzo8f895jVuUbmGsHDRjAj6cOdSAZeDIW2qJThdFB4IlSKsLq8wKMgFGLlF00TESkV3eG",
    "REACT_APP_COGNITO_APP_CLIENT_ID": "4fjcs0njor4hti451tkogq7kao",
    "REACT_APP_COGNITO_USER_POOL_ID" : "us-east-1_VuyJ8pyt4",
    "REACT_APP_S3_TEMPLATE_FOLDER" : "server-file-upload",
    "REACT_APP_MIX_PANEL_KEY": "5c63e64adb4ed47dcf48ed31ea9b2aac",
    "REACT_APP_QBO_ACTIVE": true
  },
  
  "qa": {
    "REACT_APP_API_BASE_URL": "https://api.ossampledomain-qa.click/api",
    "REACT_APP_UPLOAD_API_BASE_URL": "https://api.ossampledomain-qa.click/apifileupload",
    "REACT_APP_DOWNLOAD_API_BASE_URL":"https://server-file-upload-fp-uat.s3.amazonaws.com",
    "REACT_APP_POS_API_BASE_URL": "https://p4unyzbbs7.execute-api.us-east-1.amazonaws.com/dev",
    "REACT_APP_BILLING_PK": "pk_test_51IVZe4BcXrzD8FljgXT2OKOgl9m41rzo8f895jVuUbmGsHDRjAj6cOdSAZeDIW2qJThdFB4IlSKsLq8wKMgFGLlF00TESkV3eG",
    "REACT_APP_COGNITO_APP_CLIENT_ID": "1ll8qlo6ilie8i5ul9gkoie181",
    "REACT_APP_COGNITO_USER_POOL_ID" : "us-east-1_BbkCDrib6",
    "REACT_APP_S3_TEMPLATE_FOLDER" : "server-file-upload-fp-uat",
    "REACT_APP_MIX_PANEL_KEY": "5c63e64adb4ed47dcf48ed31ea9b2aac",
    "REACT_APP_QBO_ACTIVE":true
  },
  "prod": {
    "REACT_APP_API_BASE_URL": "https://api.gsapiprod.click/api",
    "REACT_APP_UPLOAD_API_BASE_URL": "https://api.gsapiprod.click/apifileupload",
    "REACT_APP_DOWNLOAD_API_BASE_URL":"https://server-file-upload-gsprod.s3.amazonaws.com",
    "REACT_APP_POS_API_BASE_URL": "https://8hy72w4384.execute-api.us-east-1.amazonaws.com/dev",
    "REACT_APP_BILLING_PK": "pk_live_51K7dy1SIBsJFqOyhrGeZkUg0DpMYHWLj61sA5VCkB8lw2EMybtFbBKsiNRSxtSosoGnNDS2DHylVxinsKOk8sKQ8007QgEhIdd",
    "REACT_APP_COGNITO_APP_CLIENT_ID": "2l6fck3n1r9hlg4n8kh87mkvho",
    "REACT_APP_COGNITO_USER_POOL_ID" : "us-east-1_fHOd9K1f3",
    "REACT_APP_S3_TEMPLATE_FOLDER" : "server-file-upload-gsprod",
    "REACT_APP_MIX_PANEL_KEY": "eb15dbf2766ae45d73bf497e70aa7f67",
    "REACT_APP_QBO_ACTIVE":false
  }
}