[
	{
		"header": "Machine Learning Applications in Lending",
		"p": "As of 2020, the financial sector debt reached $66 trillion equal to 25% of the global debt. As the world gears up to fight the pandemic, the need to precisely analyze credit risk and price loans arise for banks and financial institutions. Financial institutions are now under more pressure to move towards sophisticated machine learning (ML) techniques, a sub-field of artificial intelligence (AI), to tackle credit analytics and prepayment behavior, by processing large amounts of data. In this article, we aim to provide the reader with a basic introduction of the key ML concepts and techniques, to explain how such approaches differ from the more traditional statistical analysis approach, and to illustrate this theoretical presentation behind the platform. We also aim to demonstrate how we apply ML algorithms to build a predictive loan default and prepayment models.",
		"shortDescription": "As of 2020, the financial sector's $66 trillion debt, 25% of global debt, necessitates sophisticated ML techniques for credit risk analysis and loan behavior modeling amid the pandemic. This article explores essential ML concepts, contrasts them with traditional statistical methods, and shows their application in predictive models for loan defaults and prepayments.",
		"shortTitle": "Machine Learning Applications in Lending"
	},
	{
		"header": "Automated Machine Learning",
		"p": "AutoML is the automation of ML algorithms and the structured design process of a defined model. It provides predesigned systematically structured data analysis tools that help banks and financial institutions obtain the best ML algorithm practices for accurate predictions with low cost and a short period. With the AutoML, a bank or a financial institution can derive the same results in less time at a lower cost. As the datasets of different algorithm applications are used and tested by various data scientists as well as being coded and recorded previously, it provides a predesigned data analysis structure that helps to apply the right algorithm with perfect tuning framed settings that reduce data scientist’s quality time when providing accurate results.",
		"shortDescription": "AutoML automates ML algorithm design and streamlines data analysis for banks, enhancing prediction accuracy efficiently and cost-effectively. It offers tools that help financial institutions achieve faster, cheaper results, utilizing tested datasets to apply the right algorithms with optimal settings, significantly saving data scientists' time and improving outcomes.",
		"shortTitle": "Automated Machine Learning"
	},
	{
		"header": "What is Credit Risk and Why is it Important?",
		"p": "The lender provides credit to a debtor who can be referred to as a borrower based on the trust that the borrower will repay the lender. Therefore, the likelihood that a borrower would not repay their loan to the lender is called credit risk. In this case the lender would not receive the owed principal. Moreover, they would not be paid the interest due to the fact that the borrower will not be able to pay the loan and will therefore suffer a substantial loss. In addition, it is likely that the lender will have to sustain substantial costs to recover the amount.",
		"shortDescription": "The lender offers credit to a debtor, termed a borrower, based on trust in repayment. Credit risk emerges when there's a risk the borrower might not repay, leading to the lender not receiving the principal or interest, thereby incurring significant financial losses. Additionally, substantial costs are often incurred in efforts to recover the loan amount.",
		"shortTitle": "What is Credit Risk and Why is it Important?"
	},
	{
		"header": "Financial and Regulatory Reporting",
		"p": "There are many regulations for financial institutions that impact the amount of capital an institution holds, for example, Basel and IFRS 9. Government regulators impose requirements on banks to make sure that banks conduct their business without risking the economic system’s stability. For example, to prevent events such as the 2008 financial crisis from happening, where bankruptcies of big financial institutions resulted in huge disturbances in the entire economic system, people need to trust the banks to keep the economy properly functioning. When people trust the banks, they deposit money in their bank accounts.",
		"shortDescription": "Financial regulations, such as Basel and IFRS 9, dictate capital requirements for institutions to ensure economic stability. Government regulators enforce these to prevent crises like the 2008 financial meltdown, which caused major disruptions due to major institutional bankruptcies. Trust in banks, fostered by these regulations, encourages public deposits, crucial for economic functionality.",
		"shortTitle": "Financial and Regulatory Reporting"
	},
	{
		"header": "Scorecard - Credit Engine",
		"p": "Credit risk scorecards are models that help in providing a quantitative estimate of the chances that a customer will display behavior like bankruptcy, loan default, or other nonpayment delinquencies, with respect to their current or proposed credit position with a lender. With the promise of fast and automatic decisions, we have developed an automatic and fast credit risk engine to assess credit risk. In this post and in later posts, we propose to introduce the most common ML models used in the consumer finance credit risk space.",
		"shortDescription": "Credit risk scorecards provide quantitative estimates of the likelihood of customer delinquencies, such as bankruptcy or loan default, in relation to their credit status. We've developed a fast, automated credit risk engine to enhance decision-making efficiency. Upcoming posts will explore common ML models used in the consumer finance credit risk sector.",
		"shortTitle": "Scorecard - Credit Engine"
	},
		{
		"header": "Prepayment Analytics",
		"p": "People with a loan have the possibility to repay part or the entire outstanding loan before the due date. These prepayments make the length of the portfolio of loans stochastic, which creates problems in the refinancing policy of the bank or a financial institution and affects the asset & liability cash flow management process. Moreover, the interest rate risk arises from prepayments, meaning that being able to forecast the prepayment rate can increase the performance of the hedging strategy of a bank.",
		"shortTitle": "Prepayment Analytics"
	},
	{
		"header": "Buy Now Pay Later",
		"p": "BNPL allows consumers to buy goods or services immediately and pay over time in installments, offering a convenient alternative to credit cards and loans. The sector has grown rapidly, expanding from \"Pay-in-4\" plans to various credit forms and comprehensive shopping apps. BNPL companies earn revenue through merchant fees and sometimes interest or late fees, focusing on market share over immediate profitability. Initially driven by partnerships with major merchants and younger consumers, the market now faces increased competition and requires innovation to maintain growth. Traditional financial institutions entering the BNPL space add further competition.",
		"shortDescription": "Buy Now, Pay Later (BNPL) offers consumers the ability to purchase immediately and pay over time, rapidly evolving from simple 'Pay-in-4' plans to diverse financial models and integrated apps. The sector, primarily funded by merchant fees and occasionally interest or late fees, prioritizes market share over immediate profitability. As it faces stiff competition from both new entrants and traditional financial institutions, BNPL companies must innovate to maintain growth.",
		"shortTitle": "Buy Now Pay Later"
	}

]
