{
	"0": [
		{
			"header": "Opportunity",
			"p": [
				"Work with business leaders and alongside some of the most creative thinkers in the industry. Develop and deliver innovative and core technology solutions that transform the digital enterprise and maximize ROI? From strategy articulation and process design to technology enablement, we work together to simplify the complex, creating tangible value for our clients. We encourage consideration of flexible ways of working, both formal and informal arrangements, that allow for the best outcomes for our people and our clients. If this opportunity is of interest to you with some flexibilities, please do discuss it with us. Besides a competitive basic salary, you will also have an extensive benefits package that includes 30 days’ vacation per year, private medical insurance, and three extra days of leave per year for charitable work of your choice! Flexibility and mobility are required to deliver this role as there will be requirements to spend time onsite with our clients and partners to enable the delivery of the first-class services we are known for."
			]
		},
		{
			"header": "Role",
			"p": [
				"We’re expanding fast, so we’re looking for people who are, by which we mean natural initiative-takers who bring out the best in others, brilliant listeners and can grow our business without compromising standards, integrity or culture. You will work with outstanding digital talent across disciplines to innovate and create great solutions for iconic brands.",
				"As a leader of the web development team, you will use your knowledge of web processes, and applications to design solutions, product features and services, influencing critical solution decisions."
			]
		},
		{
			"header": "Responsibilities",
			"points": [
				"A leader in exceptional software engineering practices, including coding standards, reviews, testing, and operations.",
				"Significant experience with executive presence and a proven ability to lead and facilitate executive meetings.",
				"Strong experience in technical deliveries and leading technical teams from the design to the implementation of production systems.",
				"Help deliver features end-to-end. We don't throw our work 'over the wall,' everyone is expected to work together to design new features and figure out bugs",
				"Analyze and resolve architectural problems, work closely with engineering, and operation teams",
				"Perform technical architecture assessments and provide improvements and focus areas",
				"Communicate and provide guidance to senior client leadership and teams",
				"Help build web apps. The possibilities in the browser should excite you to build the best experience possible for users",
				"Work effectively in diverse teams within an inclusive team culture where people are recognized for their contribution"
			]
		},
		{
			"header": "Qualifications",
			"p": [
				"Ideally, you're someone who can write code with the best of them but also wants to help guide the broader industry towards a technology you believe in. You have immediate credibility with technologists and developers at all levels, from students to CIOs. You love to share your passion with others and exhibit good judgment in selecting strategic opportunities to do so. You don't just want to be part of an industry movement. You want to be leading it. If this sounds like you, we'd love to speak with you."
			]
		},
		{
			"blueHeader": ["\nTechnical Skills\n\n"],
			"points": [
				"Bachelor’s or Master’s degree in Computer Science, Engineering +7 years of technical experience.",
				"Experience of working within agile development environment and working knowledge of agile software development methodologies and frameworks such as Scrum",
				"Strong understanding of SDLC principles, including the use of unit testing.",
				"Strong coding experience in JavaScript framework (React), MVC patterns and principles of REST APIs",
				"Excellent coding experience in Python and Django.",
				"Significant experience with PostgreSQL",
				"Strong Computer Science fundamentals in Data Structures, Algorithms, Complexity Analysis and Object-Oriented Design ",
				"Experience with modern development practices: Kubernetes, Docker, Linux, Package Management, DevOps Pipelines (CI/CD), Cloud (AWS, GCP, Azure) and Application Performance Monitoring/System Logging",
				"Experience with the following tools: Git, BitBucket, GitHub, Jira, Clickup",
				"Experience in developing and architecting software, with experience of the full lifecycle from prototype to production.",
				"Experience with technical and solution design, including designing systems to address non-functional requirements (e.g. performance, maintainability, security, and system integration).",
				"Presentation skills with a high degree of comfort speaking with executives, IT Management, and developers.",
				"Experience with Data Science libraries is a strong positive"
			]
		},
		{
			"header": "About Vector ML Analytics",
			"p": [
				"Vector ML Analytics is a leading global fintech company providing financial consulting and software development for banks and lending institutions. The company combines unmatched tech experience and financial domain expertise — powered by Vector ML Platform, the world’s leading advanced financial analytical technology and reporting intelligence. The company brings continuous innovation to help clients improve their financial analytical performance and create lasting value across their enterprises. Visit us at www.vmlanalytics.com",
				"Vector ML Analytics is an equal opportunities employer and welcomes applications from all sections of society and does not discriminate on the grounds of race, religion, or belief, ethnic or national origin, disability, age, citizenship, marital, gender identity, or any other basis as protected by applicable law."
			]
		},
		{
			"blueHeader": ["Closing Date for Applications: 31/08/21"],
			"p": [
				"\nVector ML Analytics reserves the right to close the role prior to this date should a suitable applicant be found."
			]
		}
	],
	"1": [
		{
			"header": "Opportunity",
			"p": [
				"Work with business leaders and alongside some of the most creative thinkers in the industry. Develop and deliver innovative and core technology solutions that transform the digital enterprise and maximize ROI? From strategy articulation and process design to technology enablement, we work together to simplify the complex, creating tangible value for our clients. We encourage consideration of flexible ways of working, both formal and informal arrangements, that allow for the best outcomes for our people and our clients. If this opportunity is of interest to you with some flexibilities, please do discuss it with us. Besides a competitive basic salary, you will also have an extensive benefits package that includes 30 days’ vacation per year, private medical insurance, and three extra days of leave per year for charitable work of your choice! Flexibility and mobility are required to deliver this role as there will be requirements to spend time onsite with our clients and partners to enable the delivery of the first-class services we are known for."
			]
		},
		{
			"header": "Role",
			"p": [
				"We’re expanding fast, so we’re looking for people who are, by which we mean natural initiative-takers who bring out the best in others, brilliant listeners and can grow our business without compromising standards, integrity or culture. You will work with outstanding digital talent across disciplines to innovate and create great solutions for iconic brands.",
				"As a member of the web development team, you will use your knowledge of web processes, and applications to design solutions, product features and services, influencing critical solution decisions."
			]
		},
		{
			"header": "Responsibilities",
			"points": [
				"Designing and building efficient, scalable, and resilient RESTFul and batch based services that run in an IaaS provider such as AWS or Azure.",
				"Developing functional, sustainable and responsive Web Frontend",
				"Build applications with clear codes using JavaScript React framework.",
				"Deploying projects to AWS or other cloud computing platforms",
				"Testing projects against high load and taking necessary actions to handle them",
				"Ability to build reusable components and frontend libraries for future use.",
				"Optimizing components for maximum performance across web devices and browsers.",
				"Maintain and extend the functionality of existing software.",
				"Debug, diagnose, and fix software related problems in developing and existing software.",
				"Follow the software development lifecycle and practices of the company.",
				"Write functional requirement documents and guides",
				"Help deliver features end-to-end. We don't throw our work 'over the wall,' everyone is expected to work together to design new features and figure out bugs",
				"Work effectively in diverse teams within an inclusive team culture where people are recognized for their contribution",
				"Code reviews and automated testing are core to our quality approach. ",
				"Task decomposition and continuous iterative delivery are a way of life at Vector ML.",
				"Collaborating with Product Management, UX, and other engineers to clarify requirements and design, and accurately estimating scope. ",
				"A clear understanding of our users needs, and how to make large amounts of data easy to consume is instrumental in this process.",
				"Actively supporting our continuous journey of applying good architecture and design patterns so that we can do our best work every day.",
				"Strong opinions are encouraged."
			]
		},
		{
			"header": "Qualifications",
			"p": [
				"Overall, you’re an ideas person and problem solver as well as a hands-on doer – that’s important. You know it takes a mix of people to do amazing work, so you love collaborating with and learning from people with different skills, backgrounds and perspectives. If you have an interesting or unusual mix of skills yourself, even better."
			]
		},
		{
			"blueHeader": ["\nTechnical Skills\n\n"],
			"points": [
				"Bachelor’s or Master’s degree in Computer Science, Engineering +3 years of technical experience.",
				"Experience with Python unit and integration test frameworks",
				"Experience with Web API/REST server and client development, especially using Python framework Django ",
				"Strong networking fundamentals, including knowledge of common network protocols and wire formats (e.g. HTTP) and debugging of network-level issues (e.g. packet captures, proxying)",
				"Strong Computer Science fundamentals in Data Structures, Algorithms, Complexity Analysis and Object-Oriented Design",
				"Deep architectural understanding of good SaaS deployment patterns, and the technical options available from the various IaaS providers such as AWS or Azure.",
				"Experience of working within agile development environment and working knowledge of agile software development methodologies and frameworks such as Scrum",
				"Experience with DevOps Pipelines (CI/CD), Cloud (AWS, GCP, Azure)",
				"Significant experience with PostgreSQL",
				"Hands on modern development practices: Kubernetes, Docker, Linux, Package Management, and Application Performance Monitoring/System Logging",
				"Extensive Knowledge and experience in software development and/or a web development role",
				"Experience of working within agile development environment and working knowledge of agile software development methodologies and frameworks such as Scrum",
				"Experience in developing and architecting software, with experience of the full lifecycle from prototype to production.",
				"A solid understanding of web markup, including HTML5 and CSS3",
				"A solid understanding of cross-browser compatibility",
				"Knowledge of Bootstrap, Material UI and/or Responsive Design",
				"A basic understanding of server-side CSS pre-processing platforms",
				"Expert knowledge and utilisation of JavaScript framework (React)",
				"Knowledge of webpack, babel, Jest, ESlint, npm, yarn, etc.",
				"Experience with the following tools: Git, BitBucket, GitHub, Jira, Clickup",
				"Hands on Python/Django and Cloud (AWS, GCP, Azure) are plus",
				"Understanding of data formats such as JSON, XML and CSV",
				"Hands on animation frameworks such as D3.js, PIXI.js, Paper.js, or the HTML5 Canvas API",
				"SEO best-practices knowledge and execution.",
				"Site speed optimization knowledge - Google Page speed A grades"
			]
		},
		{
			"header": "About Vector ML Analytics",
			"p": [
				"Vector ML Analytics is a leading global fintech company providing financial consulting and software development for banks and lending institutions. The company combines unmatched tech experience and financial domain expertise — powered by Vector ML Platform, the world’s leading advanced financial analytical technology and reporting intelligence. The company brings continuous innovation to help clients improve their financial analytical performance and create lasting value across their enterprises. Visit us at www.vmlanalytics.com",
				"Vector ML Analytics is an equal opportunities employer and welcomes applications from all sections of society and does not discriminate on the grounds of race, religion, or belief, ethnic or national origin, disability, age, citizenship, marital, gender identity, or any other basis as protected by applicable law."
			]
		},
		{
			"blueHeader": ["Closing Date for Applications: 31/08/21"],
			"p": [
				"\nVector ML Analytics reserves the right to close the role prior to this date should a suitable applicant be found."
			]
		}
	],
	"2": [
		{
			"header": "Opportunity",
			"p": [
				"Work with business leaders and alongside some of the most creative thinkers in the industry. Develop and deliver innovative and core technology solutions that transform the digital enterprise and maximize ROI? From strategy articulation and process design to technology enablement, we work together to simplify the complex, creating tangible value for our clients. We encourage consideration of flexible ways of working, both formal and informal arrangements, that allow for the best outcomes for our people and our clients. If this opportunity is of interest to you with some flexibilities, please do discuss it with us. Besides a competitive basic salary, you will also have an extensive benefits package that includes 30 days’ vacation per year, private medical insurance, and three extra days of leave per year for charitable work of your choice! Flexibility and mobility are required to deliver this role as there will be requirements to spend time onsite with our clients and partners to enable the delivery of the first-class services we are known for."
			]
		},
		{
			"header": "Role",
			"p": [
				"We’re expanding fast, so we’re looking for people who are, by which we mean natural initiative-takers who bring out the best in others, brilliant listeners and can grow our business without compromising standards, integrity or culture. You will work with outstanding digital talent across disciplines to innovate and create great solutions for iconic brands.",
				"As a member of the web development team, you will use your knowledge of web processes, and applications to design solutions, product features and services, influencing critical solution decisions."
			]
		},
		{
			"header": "Responsibilities",
			"points": [
				"Developing functional, sustainable and responsive Web Frontend",
				"Build applications with clear codes using JavaScript React framework.",
				"Deploying projects to AWS or other cloud computing platforms",
				"Testing projects against high load and taking necessary actions to handle them",
				"Ability to build reusable components and frontend libraries for future use.",
				"Optimizing components for maximum performance across web devices and browsers.",
				"Maintain and extend the functionality of existing software.",
				"Debug, diagnose, and fix software related problems in developing and existing software.",
				"Follow the software development lifecycle and practices of the company.",
				"Write functional requirement documents and guides",
				"Help deliver features end-to-end. We don't throw our work 'over the wall,' everyone is expected to work together to design new features and figure out bugs",
				"Work effectively in diverse teams within an inclusive team culture where people are recognized for their contribution"
			]
		},
		{
			"header": "Qualifications",
			"p": [
				"Overall, you’re an ideas person and problem solver as well as a hands-on doer – that’s important. You know it takes a mix of people to do amazing work, so you love collaborating with and learning from people with different skills, backgrounds and perspectives. If you have an interesting or unusual mix of skills yourself, even better."
			]
		},
		{
			"blueHeader": ["\nTechnical Skills\n\n"],
			"points": [
				"Bachelor’s or Master’s degree in Computer Science, Engineering +3 years of technical experience.",
				"Extensive Knowledge and experience in software development and/or a web development role",
				"Experience of working within agile development environment and working knowledge of agile software development methodologies and frameworks such as Scrum",
				"Experience in developing and architecting software, with experience of the full lifecycle from prototype to production.",
				"A solid understanding of web markup, including HTML5 and CSS3",
				"A solid understanding of cross-browser compatibility",
				"Knowledge of Bootstrap, Material UI and/or Responsive Design",
				"A basic understanding of server-side CSS pre-processing platforms",
				"Expert knowledge and utilisation of JavaScript framework (React)",
				"Knowledge of webpack, babel, Jest, ESlint, npm, yarn, etc.",
				"Experience with the following tools: Git, BitBucket, GitHub, Jira, Clickup",
				"Hands on Python/Django and Cloud (AWS, GCP, Azure) are plus",
				"Understanding of data formats such as JSON, XML and CSV",
				"Hands on animation frameworks such as D3.js, PIXI.js, Paper.js, or the HTML5 Canvas API",
				"SEO best-practices knowledge and execution.",
				"Site speed optimization knowledge - Google Page speed A grades"
			]
		},
		{
			"header": "About Vector ML Analytics",
			"p": [
				"Vector ML Analytics is a leading global fintech company providing financial consulting and software development for banks and lending institutions. The company combines unmatched tech experience and financial domain expertise — powered by Vector ML Platform, the world’s leading advanced financial analytical technology and reporting intelligence. The company brings continuous innovation to help clients improve their financial analytical performance and create lasting value across their enterprises. Visit us at www.vmlanalytics.com",
				"Vector ML Analytics is an equal opportunities employer and welcomes applications from all sections of society and does not discriminate on the grounds of race, religion, or belief, ethnic or national origin, disability, age, citizenship, marital, gender identity, or any other basis as protected by applicable law."
			]
		},
		{
			"blueHeader": ["Closing Date for Applications: 31/08/21"],
			"p": [
				"\nVector ML Analytics reserves the right to close the role prior to this date should a suitable applicant be found."
			]
		}
	],
	"3": [
		{
			"header": "Opportunity",
			"p": [
				"Work with business leaders and alongside some of the most creative thinkers in the industry. Develop and deliver innovative and core technology solutions that transform the digital enterprise and maximize ROI? From strategy articulation and process design to technology enablement, we work together to simplify the complex, creating tangible value for our clients. We encourage consideration of flexible ways of working, both formal and informal arrangements, that allow for the best outcomes for our people and our clients. If this opportunity is of interest to you with some flexibilities, please do discuss it with us. Besides a competitive basic salary, you will also have an extensive benefits package that includes 30 days’ vacation per year, private medical insurance, and three extra days of leave per year for charitable work of your choice! Flexibility and mobility are required to deliver this role as there will be requirements to spend time onsite with our clients and partners to enable the delivery of the first-class services we are known for."
			]
		},
		{
			"header": "Role",
			"p": [
				"We’re expanding fast, so we’re looking for people who are, by which we mean natural initiative-takers who bring out the best in others, brilliant listeners and can grow our business without compromising standards, integrity or culture. You will work with outstanding digital talent across disciplines to innovate and create great solutions for iconic brands.",
				"As a member of the web development team, you will use your knowledge of web processes, and applications to design solutions, product features and services, influencing critical solution decisions."
			]
		},
		{
			"header": "Responsibilities",
			"points": [
				"Designing and building efficient, scalable, and resilient RESTFul and batch based services that run in an IaaS provider such as AWS or Azure.",
				"Our developers are responsible for understanding the full scope of a feature, how it will be realized in our UI, used by our customers, and how our system will perform and scale.",
				"Committing tested, documented, and reviewed code on a frequent basis, ideally daily. ",
				"Code reviews and automated testing are core to our quality approach. ",
				"Task decomposition and continuous iterative delivery are a way of life at Vector ML.",
				"Collaborating with Product Management, UX, and other engineers to clarify requirements and design, and accurately estimating scope. ",
				"A clear understanding of our users needs, and how to make large amounts of data easy to consume is instrumental in this process.",
				"Actively supporting our continuous journey of applying good architecture and design patterns so that we can do our best work every day.",
				"Strong opinions are encouraged."
			]
		},
		{
			"header": "Qualifications",
			"p": [
				"Overall, you’re an ideas person and problem solver as well as a hands-on doer – that’s important. You know it takes a mix of people to do amazing work, so you love collaborating with and learning from people with different skills, backgrounds and perspectives. If you have an interesting or unusual mix of skills yourself, even better."
			]
		},
		{
			"blueHeader": ["\nTechnical Skills\n\n"],
			"points": [
				"Bachelor’s or Master’s degree in Computer Science, Engineering +3 years of technical experience.",
				"Experience with Python unit and integration test frameworks",
				"Experience with Web API/REST server and client development, especially using Python framework Django ",
				"Strong networking fundamentals, including knowledge of common network protocols and wire formats (e.g. HTTP) and debugging of network-level issues (e.g. packet captures, proxying)",
				"Strong Computer Science fundamentals in Data Structures, Algorithms, Complexity Analysis and Object-Oriented Design",
				"Deep architectural understanding of good SaaS deployment patterns, and the technical options available from the various IaaS providers such as AWS or Azure.",
				"Experience of working within agile development environment and working knowledge of agile software development methodologies and frameworks such as Scrum",
				"Experience with DevOps Pipelines (CI/CD), Cloud (AWS, GCP, Azure)",
				"Significant experience with PostgreSQL",
				"Experience with the following tools: Git, BitBucket, GitHub, Jira, Clickup",
				"Hands on modern development practices: Kubernetes, Docker, Linux, Package Management, and Application Performance Monitoring/System Logging",
				"Experience with Data Science libraries is a strong positive"
			]
		},
		{
			"header": "About Vector ML Analytics",
			"p": [
				"Vector ML Analytics is a leading global fintech company providing financial consulting and software development for banks and lending institutions. The company combines unmatched tech experience and financial domain expertise — powered by Vector ML Platform, the world’s leading advanced financial analytical technology and reporting intelligence. The company brings continuous innovation to help clients improve their financial analytical performance and create lasting value across their enterprises. Visit us at www.vmlanalytics.com",
				"Vector ML Analytics is an equal opportunities employer and welcomes applications from all sections of society and does not discriminate on the grounds of race, religion, or belief, ethnic or national origin, disability, age, citizenship, marital, gender identity, or any other basis as protected by applicable law."
			]
		},
		{
			"blueHeader": ["Closing Date for Applications: 31/08/21"],
			"p": [
				"\nVector ML Analytics reserves the right to close the role prior to this date should a suitable applicant be found."
			]
		}
	],
	"4": [
		{
			"header": "Opportunity",
			"p": [
				"Work with business leaders and alongside some of the most creative thinkers in the industry. Develop and deliver innovative and core technology solutions that transform the digital enterprise and maximize ROI? From strategy articulation and process design to technology enablement, we work together to simplify the complex, creating tangible value for our clients. We encourage consideration of flexible ways of working, both formal and informal arrangements, that allow for the best outcomes for our people and our clients. If this opportunity is of interest to you with some flexibilities, please do discuss it with us. Besides a competitive basic salary, you will also have an extensive benefits package that includes 30 days’ vacation per year, private medical insurance, and three extra days of leave per year for charitable work of your choice! Flexibility and mobility are required to deliver this role as there will be requirements to spend time onsite with our clients and partners to enable the delivery of the first-class services we are known for."
			]
		},
		{
			"header": "Role",
			"p": [
				"We’re expanding fast, so we’re looking for people who are, by which we mean natural initiative-takers who bring out the best in others, brilliant listeners and can grow our business without compromising standards, integrity or culture. You will work with outstanding digital talent across disciplines to innovate and create great solutions for iconic brands.",
				"As a member of the web development team, you will use your knowledge of web processes, and applications to design solutions, product features and services, influencing critical solution decisions."
			]
		},
		{
			"header": "Responsibilities",
			"points": [
				"Collaborate with product management and engineering to define and implement innovative solutions for a product’s direction, visuals, and user experience",
				"Identify opportunities to refine existing user journeys, flows, and components",
				"Execute all visual design stages from concept to final hand-off to engineering",
				"Translate written and verbal requirements into visual examples",
				"Conceptualize original ideas that bring simplicity and user friendliness to complex tasks",
				"Create wireframes, storyboards, user flows, process flows and site maps to effectively communicate interaction and design ideas",
				"Present and defend designs and key milestone deliverables to peers",
				"Conduct user research and evaluate user feedback",
				"Adhere to style standards for typography and graphic design",
				"Develop and promote design guidelines, best practices, and standards to instill brand continuity"
			]
		},
		{
			"header": "Qualifications",
			"p": [
				"Overall, you’re an ideas person and problem solver as well as a hands-on doer – that’s important. You know it takes a mix of people to do amazing work, so you love collaborating with and learning from people with different skills, backgrounds and perspectives. If you have an interesting or unusual mix of skills yourself, even better."
			]
		},
		{
			"blueHeader": ["\nTechnical Skills\n\n"],
			"points": [
				"Bachelor’s degree in Interaction Design, Human-Computer Interaction, or other related field; or equivalent",
				"Demonstrable UI design skills with a strong portfolio",
				"Solid experience in creating wireframes, storyboards, user flows, process flows and site maps",
				"Experience balancing product, development, and user-centered goals to help shape overall product strategy",
				"Experience working on a product from inception to shipment",
				"Ability to manage time and work efficiently and effectively to produce deliverables in a fast-paced, multi-project environment",
				"Ability to present your designs and sell your solutions to colleagues",
				"Excellent communication (oral and written), presentation, interpersonal, and analytical skills; the ability to communicate complex interaction concepts clearly and persuasively",
				"Proficiency in Photoshop, Illustrator, Figma, and/or other visual design and wire-framing tools",
				"Proficiency in HTML, CSS, and JavaScript for rapid prototyping",
				"A critical eye for detail",
				"Excellent visual design skills with sensitivity to user-system interaction",
				"A deep understanding of mobile-first and responsive design",
				"Ability to solve problems creatively and effectively",
				"Up-to-date with the latest UI trends, techniques, and technologies",
				"Experience working in an Agile development process"
			]
		},
		{
			"header": "About Vector ML Analytics",
			"p": [
				"Vector ML Analytics is a leading global fintech company providing financial consulting and software development for banks and lending institutions. The company combines unmatched tech experience and financial domain expertise — powered by Vector ML Platform, the world’s leading advanced financial analytical technology and reporting intelligence. The company brings continuous innovation to help clients improve their financial analytical performance and create lasting value across their enterprises. Visit us at www.vmlanalytics.com",
				"Vector ML Analytics is an equal opportunities employer and welcomes applications from all sections of society and does not discriminate on the grounds of race, religion, or belief, ethnic or national origin, disability, age, citizenship, marital, gender identity, or any other basis as protected by applicable law."
			]
		},
		{
			"blueHeader": ["Closing Date for Applications: 31/08/21"],
			"p": [
				"\nVector ML Analytics reserves the right to close the role prior to this date should a suitable applicant be found."
			]
		}
	],
	"5": [
		{
			"p": ["\n"]
		},
		{
			"header": "Opportunity",
			"p": [
				"Work with business leaders and alongside some of the most creative thinkers in the industry. Develop and deliver innovative and core technology solutions that transform the digital enterprise and maximize ROI? From strategy articulation and process design to technology enablement, we work together to simplify the complex, creating tangible value for our clients. We encourage consideration of flexible ways of working, both formal and informal arrangements, that allow for the best outcomes for our people and our clients. If this opportunity is of interest to you with some flexibilities, please do discuss it with us. Besides a competitive basic salary, you will also have an extensive benefits package that includes 30 days’ vacation per year, private medical insurance, and three extra days of leave per year for charitable work of your choice! Flexibility and mobility are required to deliver this role as there will be requirements to spend time onsite with our clients and partners to enable the delivery of the first-class services we are known for."
			]
		},
		{
			"header": "Role",
			"p": [
				"We’re expanding fast, so we’re looking for people who are, by which we mean natural initiative-takers who bring out the best in others, are brilliant listeners and can grow our business without compromising standards, integrity or culture. You will work with outstanding digital talent across disciplines to innovate and create great solutions for iconic brands.",
				"As a Scrum Master of the web development team, you will use your knowledge of web processes, and applications to design solutions, product features and services, influencing critical solution decisions."
			]
		},
		{
			"header": "Responsibilities",
			"points": [
				"Be responsible for facilitating one or more scrum teams through Scrum processes and ceremonies in a maturing Agile environment.  ",
				"Have a responsibility for ensuring transparency of all project issues through metrics, proactive communication and know when to escalate issues and roadblocks.  ",
				"Cultivate a team environment of communication and collaboration with an emphasis on team commitment and delivery of value back to the business.  ",
				"Work with the Product Owner to align team with the product vision and sprint goals and participate in product backlog preparation activities.",
				"Take a proactive role in helping raise the profile of community of Scrum Masters who work collaboratively to continuously improve this discipline and the Agile methodology within the business. ",
				"Inspire change and continuous improvement with a focus on efficiency, productivity, happiness, and motivation of the team  ",
				"Develop good relationships across the organization, and help your team connect to the right people ",
				"Look for and remove team impediments and `noise` to improve team productivity ",
				"Perform training sessions, targeted workshops, and coach teams on established agile processes."
			]
		},
		{
			"header": "Qualifications",
			"p": [
				"Overall, you’re an ideas person and problem solver as well as a hands-on doer – that’s important. You know it takes a mix of people to do amazing work, so you love collaborating with and learning from people with different skills, backgrounds and perspectives. If you have an interesting or unusual mix of skills yourself, even better."
			]
		},
		{
			"blueHeader": ["\nTechnical Skills"],
			"p": [""],
			"points": [
				"4+ years of experience in software project management, 2+ years in an Agile/Scrum software development team",
				"In depth understanding of Agile methodologies such as Scrum and Kanban and adherence to core Agile values and principles gained through working on an Agile team/and as a Scrum Master.",
				"Excellent understanding of Scrum values, artifacts, roles and events",
				"Experience with Agile Lifecycle Management tools such as Azure DevOps, Jira, Version One, etc.",
				"Familiar with System Development Life Cycle, CI/CD, and DevOps concepts",
				"A track record of leading great teams, with significant experience managing business stakeholders and a tireless approach to building effective working relationships",
				"You enjoy the role of a servant-leader.",
				"Sound understanding of Scaling frameworks and scaling principles gained through hands on experience.",
				"You have a demonstrated ability to coach and mentor team members.",
				"You thrive in a fast-paced dynamic environment."
			]
		},
		{
			"header": "About Vector ML Analytics",
			"p": [
				"Vector ML Analytics is a leading global fintech company providing financial consulting and software development for banks and lending institutions. The company combines unmatched tech experience and financial domain expertise — powered by Vector ML Platform, the world’s leading advanced financial analytical technology and reporting intelligence. The company brings continuous innovation to help clients improve their financial analytical performance and create lasting value across their enterprises. Visit us at www.vmlanalytics.com",
				"Vector ML Analytics is an equal opportunities employer and welcomes applications from all sections of society and does not discriminate on the grounds of race, religion, or belief, ethnic or national origin, disability, age, citizenship, marital, gender identity, or any other basis as protected by applicable law."
			]
		},
		{
			"blueHeader": ["Closing Date for Applications: 31/08/21"],
			"p": [
				"\nVector ML Analytics reserves the right to close the role prior to this date should a suitable applicant be found."
			]
		}
	],
	"6": [
		{
			"p": ["\n"]
		},
		{
			"header": "Opportunity",
			"p": [
				"Work with business leaders and alongside some of the most creative thinkers in the industry. Develop and deliver innovative and core technology solutions that transform the digital enterprise and maximize ROI? From strategy articulation and process design to technology enablement, we work together to simplify the complex, creating tangible value for our clients. We encourage consideration of flexible ways of working, both formal and informal arrangements, that allow for the best outcomes for our people and our clients. If this opportunity is of interest to you with some flexibilities, please do discuss it with us. Besides a competitive basic salary, you will also have an extensive benefits package that includes 30 days’ vacation per year, private medical insurance, and three extra days of leave per year for charitable work of your choice! Flexibility and mobility are required to deliver this role as there will be requirements to spend time onsite with our clients and partners to enable the delivery of the first-class services we are known for."
			]
		},
		{
			"header": "Role",
			"p": [
				"We’re expanding fast, so we’re looking for natural initiative-takers who bring out the best in others, brilliant listeners, who can grow our business without compromising standards, integrity, or culture. You will work with outstanding digital talent across disciplines to innovate and create great solutions for iconic brands. We are looking for an energetic and experienced person. The chosen candidate will be responsible for developing data mining, predictive analytic, and solution development. Experience in banking and financial services will be favored."
			]
		},
		{
			"header": "Responsibilities",
			"points": [
				"Responsible for designing, building, and deploying credit risk models, policies, infrastructure, and decision strategies. ",
				"Develop and maintain credit risk models and strategies, including the probability of default (PD), Loss Given Default (LGD), Exposure at Default (EAD), and Expected Loss (EL).",
				"Responsible for credit risk scorecard model development & validation, decision and limit Strategy development, loss forecasting, developing segmentation models, and credit risk regulatory model monitoring.",
				"Responsible for building the AutoML prepayment and credit engines using one of the following libraries; Auto-Sklearn, AutoFolio, H2O AutoML, and Auto-Keras.  ",
				"Work with ML libraries and applications, e.g. Neural Networks, SVMs, Boosting methods, and implementation using SAS, R, and Python to create an efficient production-ready code.",
				"Work with the data science team to write highly optimized code that will advance our state-of-the-art banking/finance platform.",
				"Research and build predictive models to help users make the best financial decisions.",
				"Develop a clear and concise analytical approach for problem-solving.",
				"Manage the delivery of projects, including timely communication, setting milestones, and tracking. ",
				"Drive data-driven decision-making and overall risk strategy, including lifetime value modeling, pricing, and credit limit strategy through end-to-end ownership of experiments: from collecting and building hypotheses to establishing statistical significance on results.",
				"Collaborate closely with other functions on modeling ideas and building analytics.",
				"Coach and mentor junior staff on decision science tools and techniques."
			]
		},
		{
			"header": "Qualifications",
			"p": [
				"Ideally, you should be able to write code and help guide the broader industry towards a technology you believe in. You have immediate credibility with technologists and developers at all levels, from students to CIOs. You love to share your passion with others and exhibit good judgment in selecting strategic opportunities to do so. You don't just want to be part of an industry movement; you want to be leading it. "
			]
		},
		{
			"blueHeader": ["\nTechnical Skills"],
			"p": [""],
			"points": [
				"At least 3 to 5 years of industry experience in data mining, machine learning, statistical analysis, and modeling.",
				"MS or PhD in computer science, physics, statistics, applied mathematics, or any quantitative discipline is advantageous. ",
				"Academic paper level understanding of math e.g. linear algebra, calculus, etc is preferred. ",
				"Solid foundations in computer science and extensive relevant work experience in data structures, algorithms, AI, machine learning, deep Learning, and software design.",
				"Expertise with statistical data analysis such as linear models, multivariate analysis, stochastic models, and sampling methods.",
				"Exposure and experience with lending products such as home lending, credit cards, personal loans, mortgages, small business lending, wholesale banking, and business banking.",
				"Deep knowledge of predictive models, scorecards, credit policies, loan pricing, and loss forecasting in secured and unsecured contexts.",
				"Thorough understanding of AutoML libraries and functions.  ",
				"Experience in articulating and translating business questions and arriving with answers using data science techniques, such as supervised and unsupervised ML, deep learning, ML infrastructure, and graph-based models. ",
				"Experience in designing and building end-to-end machine learning-based pipelines.",
				"Interest in financial services and a passion for shipping high-quality consumer-facing products.",
				"Able to self-manage priorities and deliverables while working in a fast-paced, start-up environment.",
				"Experience in programming languages often used within analytics, data mining, and data science: Python, R, SAS, Python (Scikit-learn, Tensorflow, and Keras), and SQL, while knowledge of Django and JavaScript may also be of value.",
				"You have built and prototyped analysis pipelines iteratively to provide insights at scale on tools such as Hive, Pyspark, Spark, Apache Hadoop, and AWS Redshift.",
				"Experience with database management systems, data platforms (e.g. Streaming Data Platform, Kafka, Logstash, Teradata, Hadoop, etc.), and data formats (e.g. SQL, NoSQL, AWS S3, JSON, Redis, neo4j, etc.) for efficient ML feature extraction and data transformations.",
				"Experience in regulatory/Basel modeling and advanced analytics using Data Science & Machine Learning.",
				"Experience in advanced risk analytics using data science & machine learning decision science, including IFRS9, BASEL accord, collection strategy, underwriting, loan impairment forecasting, and credit underwriting in the banking or lending industry.",
				"Experience dealing with ‘big data’ (collecting and mining huge amounts of data and analyzing it) and working on real-life large messy datasets to solve real business problems. Kaggle's experience is a plus.",
				"Experience in automation and build infrastructure in large-scale and distributed environments.",
				"Previous experience moving prototypes to the production environment."
			]
		},
		{
			"blueHeader": ["\nSocial Skills"],
			"p": [""],
			"points": [
				"Have a passion that separates you from the crowd and the ability to think out of the box.",
				"Possess multi-dimensional skills that make you a valuable co-worker in a fast, changing, and ambiguous environment.",
				"Have the ability to learn other coding languages as needed quickly.",
				"Comfortable working with a team that deals with ambiguity every day.",
				"Articulate complicated technical concepts clearly.",
				"Effective written and verbal communication skills and the ability to adapt the communication style to a specific audience.",
				"Deliver quantifiable improvements while effectively being able to communicate complex solutions.",
				"Willing to operate in a fast-paced environment, initiating and driving quick pilots.",
				"Data-driven mindset, able to supplement soft analysis (e.g. customer survey data) with hard data (e.g. A/B test outcomes) through business modeling and analytics.",
				"Ability to work collaboratively with development/implementation staff through the design and build of new business processes and systems",
				"Result-driven, positive “can-do” attitude.",
				"Ability to stay abreast of current and emerging technologies in support of new concept development.",
				"Experience working with remote and global teams.",
				"Interesting hobby projects, open-source contributions, etc",
				"Sharing of knowledge - via either formal mentoring, reviewing code, reviewing design documents, providing technical talks, teaching classes, or as a consultant on projects."
			]
		},
		{
			"blueHeader": ["\nSelection Process"],
			"p": [
				"",
				"Once you apply here on Linkedin, our core team will review and reach out if we find the profile/portfolio suited for our current requirements. Here’s what you can expect as the next steps :",
				"Take home modeling exercise. This one is mandatory and typically would take about 2-3 days.",
				"Once we receive your assignment and if the reviewing team shortlists the same for further discussions, expect to have 3 rounds of discussions with folks from Data Sciences, Engineering & founding teams.",
				"We will keep you posted on the process every step of the way."
			]
		},
		{
			"header": "About Vector ML Analytics",
			"p": [
				"Vector ML Analytics is a leading global fintech company providing financial consulting and software development for banks and lending institutions. The company combines unmatched tech experience and financial domain expertise — powered by Vector ML Platform, the world’s leading advanced financial analytical technology and reporting intelligence. The company brings continuous innovation to help clients improve their financial analytical performance and create lasting value across their enterprises. Visit us at www.vmlanalytics.com",
				"Vector ML Analytics is an equal opportunities employer and welcomes applications from all sections of society and does not discriminate on the grounds of race, religion, or belief, ethnic or national origin, disability, age, citizenship, marital, gender identity, or any other basis as protected by applicable law."
			]
		},
		{
			"blueHeader": ["Closing Date for Applications: 31/08/21"],
			"p": [
				"\nVector ML Analytics reserves the right to close the role prior to this date should a suitable applicant be found."
			]
		}
	],
	"7": [
		{
			"p": ["\n"]
		},
		{
			"header": "Opportunity",
			"p": [
				"Work with business leaders and alongside some of the most creative thinkers in the industry. Develop and deliver innovative and core technology solutions that transform the digital enterprise and maximize ROI? From strategy articulation and process design to technology enablement, we work together to simplify the complex, creating tangible value for our clients. We encourage consideration of flexible ways of working, both formal and informal arrangements, that allow for the best outcomes for our people and our clients. If this opportunity is of interest to you with some flexibilities, please do discuss it with us. Besides a competitive basic salary, you will also have an extensive benefits package that includes 30 days’ vacation per year, private medical insurance, and three extra days of leave per year for charitable work of your choice! Flexibility and mobility are required to deliver this role as there will be requirements to spend time onsite with our clients and partners to enable the delivery of the first-class services we are known for."
			]
		},
		{
			"header": "Role",
			"p": [
				"We’re expanding fast, so we’re looking for natural initiative-takers who bring out the best in others, brilliant listeners, who can grow our business without compromising standards, integrity, or culture. You will work with outstanding digital talent across disciplines to innovate and create great solutions for iconic brands. We are looking for an energetic and experienced person. The chosen candidate will be responsible for developing data mining, predictive analytic, and solution development. Experience in banking and financial services will be favored."
			]
		},
		{
			"header": "Responsibilities",
			"points": [
				"Responsible for designing, building, and deploying credit risk models, policies, infrastructure, and decision strategies. ",
				"Develop and maintain credit risk models and strategies, including the probability of default (PD), Loss Given Default (LGD), Exposure at Default (EAD), and Expected Loss (EL).",
				"Responsible for credit risk scorecard model development & validation, decision and limit Strategy development, loss forecasting, developing segmentation models, and credit risk regulatory model monitoring.",
				"Responsible for building the AutoML prepayment and credit engines using one of the following libraries; Auto-Sklearn, AutoFolio, H2O AutoML, and Auto-Keras.  ",
				"Work with ML libraries and applications, e.g. Neural Networks, SVMs, Boosting methods, and implementation using SAS, R, and Python to create an efficient production-ready code.",
				"Work with the data science team to write highly optimized code that will advance our state-of-the-art banking/finance platform.",
				"Research and build predictive models to help users make the best financial decisions.",
				"Develop a clear and concise analytical approach for problem-solving.",
				"Manage the delivery of projects, including timely communication, setting milestones, and tracking. ",
				"Drive data-driven decision-making and overall risk strategy, including lifetime value modeling, pricing, and credit limit strategy through end-to-end ownership of experiments: from collecting and building hypotheses to establishing statistical significance on results.",
				"Collaborate closely with other functions on modeling ideas and building analytics.",
				"Coach and mentor junior staff on decision science tools and techniques."
			]
		},
		{
			"header": "Qualifications",
			"p": [
				"Ideally, you should be able to write code and help guide the broader industry towards a technology you believe in. You have immediate credibility with technologists and developers at all levels, from students to CIOs. You love to share your passion with others and exhibit good judgment in selecting strategic opportunities to do so. You don't just want to be part of an industry movement; you want to be leading it. "
			]
		},
		{
			"blueHeader": ["\nTechnical Skills"],
			"p": [""],
			"points": [
				"At least 3 to 5 years of industry experience in data mining, machine learning, statistical analysis, and modeling.",
				"MS or PhD in computer science, physics, statistics, applied mathematics, or any quantitative discipline is advantageous. ",
				"Academic paper level understanding of math e.g. linear algebra, calculus, etc is preferred. ",
				"Solid foundations in computer science and extensive relevant work experience in data structures, algorithms, AI, machine learning, deep Learning, and software design.",
				"Expertise with statistical data analysis such as linear models, multivariate analysis, stochastic models, and sampling methods.",
				"Exposure and experience with lending products such as home lending, credit cards, personal loans, mortgages, small business lending, wholesale banking, and business banking.",
				"Deep knowledge of predictive models, scorecards, credit policies, loan pricing, and loss forecasting in secured and unsecured contexts.",
				"Thorough understanding of AutoML libraries and functions.  ",
				"Experience in articulating and translating business questions and arriving with answers using data science techniques, such as supervised and unsupervised ML, deep learning, ML infrastructure, and graph-based models. ",
				"Experience in designing and building end-to-end machine learning-based pipelines.",
				"Interest in financial services and a passion for shipping high-quality consumer-facing products.",
				"Able to self-manage priorities and deliverables while working in a fast-paced, start-up environment.",
				"Experience in programming languages often used within analytics, data mining, and data science: Python, R, SAS, Python (Scikit-learn, Tensorflow, and Keras), and SQL, while knowledge of Django and JavaScript may also be of value.",
				"You have built and prototyped analysis pipelines iteratively to provide insights at scale on tools such as Hive, Pyspark, Spark, Apache Hadoop, and AWS Redshift.",
				"Experience with database management systems, data platforms (e.g. Streaming Data Platform, Kafka, Logstash, Teradata, Hadoop, etc.), and data formats (e.g. SQL, NoSQL, AWS S3, JSON, Redis, neo4j, etc.) for efficient ML feature extraction and data transformations.",
				"Experience in regulatory/Basel modeling and advanced analytics using Data Science & Machine Learning.",
				"Experience in advanced risk analytics using data science & machine learning decision science, including IFRS9, BASEL accord, collection strategy, underwriting, loan impairment forecasting, and credit underwriting in the banking or lending industry.",
				"Experience dealing with ‘big data’ (collecting and mining huge amounts of data and analyzing it) and working on real-life large messy datasets to solve real business problems. Kaggle's experience is a plus.",
				"Experience in automation and build infrastructure in large-scale and distributed environments.",
				"Previous experience moving prototypes to the production environment."
			]
		},
		{
			"blueHeader": ["\nSocial Skills"],
			"p": [""],
			"points": [
				"Have a passion that separates you from the crowd and the ability to think out of the box.",
				"Possess multi-dimensional skills that make you a valuable co-worker in a fast, changing, and ambiguous environment.",
				"Have the ability to learn other coding languages as needed quickly.",
				"Comfortable working with a team that deals with ambiguity every day.",
				"Articulate complicated technical concepts clearly.",
				"Effective written and verbal communication skills and the ability to adapt the communication style to a specific audience.",
				"Deliver quantifiable improvements while effectively being able to communicate complex solutions.",
				"Willing to operate in a fast-paced environment, initiating and driving quick pilots.",
				"Data-driven mindset, able to supplement soft analysis (e.g. customer survey data) with hard data (e.g. A/B test outcomes) through business modeling and analytics.",
				"Ability to work collaboratively with development/implementation staff through the design and build of new business processes and systems",
				"Result-driven, positive “can-do” attitude.",
				"Ability to stay abreast of current and emerging technologies in support of new concept development.",
				"Experience working with remote and global teams.",
				"Interesting hobby projects, open-source contributions, etc",
				"Sharing of knowledge - via either formal mentoring, reviewing code, reviewing design documents, providing technical talks, teaching classes, or as a consultant on projects."
			]
		},
		{
			"blueHeader": ["\nSelection Process"],
			"p": [
				"",
				"Once you apply here on Linkedin, our core team will review and reach out if we find the profile/portfolio suited for our current requirements. Here’s what you can expect as the next steps :",
				"Take home modeling exercise. This one is mandatory and typically would take about 2-3 days.",
				"Once we receive your assignment and if the reviewing team shortlists the same for further discussions, expect to have 3 rounds of discussions with folks from Data Sciences, Engineering & founding teams.",
				"We will keep you posted on the process every step of the way."
			]
		},
		{
			"header": "About Vector ML Analytics",
			"p": [
				"Vector ML Analytics is a leading global fintech company providing financial consulting and software development for banks and lending institutions. The company combines unmatched tech experience and financial domain expertise — powered by Vector ML Platform, the world’s leading advanced financial analytical technology and reporting intelligence. The company brings continuous innovation to help clients improve their financial analytical performance and create lasting value across their enterprises. Visit us at www.vmlanalytics.com",
				"Vector ML Analytics is an equal opportunities employer and welcomes applications from all sections of society and does not discriminate on the grounds of race, religion, or belief, ethnic or national origin, disability, age, citizenship, marital, gender identity, or any other basis as protected by applicable law."
			]
		},
		{
			"blueHeader": ["Closing Date for Applications: 31/08/21"],
			"p": [
				"\nVector ML Analytics reserves the right to close the role prior to this date should a suitable applicant be found."
			]
		}
	],
	"8": [
		{
			"p": ["\n"]
		},
		{
			"header": "Opportunity",
			"p": [
				"Work with business leaders and alongside some of the most creative thinkers in the industry. Develop and deliver innovative and core technology solutions that transform the digital enterprise and maximize ROI? From strategy articulation and process design to technology enablement, we work together to simplify the complex, creating tangible value for our clients. We encourage consideration of flexible ways of working, both formal and informal arrangements, that allow for the best outcomes for our people and our clients. If this opportunity is of interest to you with some flexibilities, please do discuss it with us. Besides a competitive basic salary, you will also have an extensive benefits package that includes 30 days’ vacation per year, private medical insurance, and three extra days of leave per year for charitable work of your choice! Flexibility and mobility are required to deliver this role as there will be requirements to spend time onsite with our clients and partners to enable the delivery of the first-class services we are known for."
			]
		},
		{
			"header": "Role",
			"p": [
				"We’re expanding fast, so we’re looking for natural initiative-takers who bring out the best in others, brilliant listeners, who can grow our business without compromising standards, integrity, or culture. You will work with outstanding digital talent across disciplines to innovate and create great solutions for iconic brands. We are looking for an energetic and experienced person. The chosen candidate will be responsible for developing data mining, predictive analytic, and solution development. Experience in banking and financial services will be favored."
			]
		},
		{
			"header": "Responsibilities",
			"points": [
				"Responsible for designing, building, and deploying credit risk models, policies, infrastructure, and decision strategies. ",
				"Develop and maintain credit risk models and strategies, including the probability of default (PD), Loss Given Default (LGD), Exposure at Default (EAD), and Expected Loss (EL).",
				"Responsible for credit risk scorecard model development & validation, decision and limit Strategy development, loss forecasting, developing segmentation models, and credit risk regulatory model monitoring.",
				"Responsible for building the AutoML prepayment and credit engines using one of the following libraries; Auto-Sklearn, AutoFolio, H2O AutoML, and Auto-Keras.  ",
				"Work with ML libraries and applications, e.g. Neural Networks, SVMs, Boosting methods, and implementation using SAS, R, and Python to create an efficient production-ready code.",
				"Work with the data science team to write highly optimized code that will advance our state-of-the-art banking/finance platform.",
				"Research and build predictive models to help users make the best financial decisions.",
				"Develop a clear and concise analytical approach for problem-solving.",
				"Manage the delivery of projects, including timely communication, setting milestones, and tracking. ",
				"Drive data-driven decision-making and overall risk strategy, including lifetime value modeling, pricing, and credit limit strategy through end-to-end ownership of experiments: from collecting and building hypotheses to establishing statistical significance on results.",
				"Collaborate closely with other functions on modeling ideas and building analytics.",
				"Coach and mentor junior staff on decision science tools and techniques."
			]
		},
		{
			"header": "Qualifications",
			"p": [
				"Ideally, you should be able to write code and help guide the broader industry towards a technology you believe in. You have immediate credibility with technologists and developers at all levels, from students to CIOs. You love to share your passion with others and exhibit good judgment in selecting strategic opportunities to do so. You don't just want to be part of an industry movement; you want to be leading it. "
			]
		},
		{
			"blueHeader": ["\nTechnical Skills"],
			"p": [""],
			"points": [
				"At least 3 to 5 years of industry experience in data mining, machine learning, statistical analysis, and modeling.",
				"MS or PhD in computer science, physics, statistics, applied mathematics, or any quantitative discipline is advantageous. ",
				"Academic paper level understanding of math e.g. linear algebra, calculus, etc is preferred. ",
				"Solid foundations in computer science and extensive relevant work experience in data structures, algorithms, AI, machine learning, deep Learning, and software design.",
				"Expertise with statistical data analysis such as linear models, multivariate analysis, stochastic models, and sampling methods.",
				"Exposure and experience with lending products such as home lending, credit cards, personal loans, mortgages, small business lending, wholesale banking, and business banking.",
				"Deep knowledge of predictive models, scorecards, credit policies, loan pricing, and loss forecasting in secured and unsecured contexts.",
				"Thorough understanding of AutoML libraries and functions.  ",
				"Experience in articulating and translating business questions and arriving with answers using data science techniques, such as supervised and unsupervised ML, deep learning, ML infrastructure, and graph-based models. ",
				"Experience in designing and building end-to-end machine learning-based pipelines.",
				"Interest in financial services and a passion for shipping high-quality consumer-facing products.",
				"Able to self-manage priorities and deliverables while working in a fast-paced, start-up environment.",
				"Experience in programming languages often used within analytics, data mining, and data science: Python, R, SAS, Python (Scikit-learn, Tensorflow, and Keras), and SQL, while knowledge of Django and JavaScript may also be of value.",
				"You have built and prototyped analysis pipelines iteratively to provide insights at scale on tools such as Hive, Pyspark, Spark, Apache Hadoop, and AWS Redshift.",
				"Experience with database management systems, data platforms (e.g. Streaming Data Platform, Kafka, Logstash, Teradata, Hadoop, etc.), and data formats (e.g. SQL, NoSQL, AWS S3, JSON, Redis, neo4j, etc.) for efficient ML feature extraction and data transformations.",
				"Experience in regulatory/Basel modeling and advanced analytics using Data Science & Machine Learning.",
				"Experience in advanced risk analytics using data science & machine learning decision science, including IFRS9, BASEL accord, collection strategy, underwriting, loan impairment forecasting, and credit underwriting in the banking or lending industry.",
				"Experience dealing with ‘big data’ (collecting and mining huge amounts of data and analyzing it) and working on real-life large messy datasets to solve real business problems. Kaggle's experience is a plus.",
				"Experience in automation and build infrastructure in large-scale and distributed environments.",
				"Previous experience moving prototypes to the production environment."
			]
		},
		{
			"blueHeader": ["\nSocial Skills"],
			"p": [""],
			"points": [
				"Have a passion that separates you from the crowd and the ability to think out of the box.",
				"Possess multi-dimensional skills that make you a valuable co-worker in a fast, changing, and ambiguous environment.",
				"Have the ability to learn other coding languages as needed quickly.",
				"Comfortable working with a team that deals with ambiguity every day.",
				"Articulate complicated technical concepts clearly.",
				"Effective written and verbal communication skills and the ability to adapt the communication style to a specific audience.",
				"Deliver quantifiable improvements while effectively being able to communicate complex solutions.",
				"Willing to operate in a fast-paced environment, initiating and driving quick pilots.",
				"Data-driven mindset, able to supplement soft analysis (e.g. customer survey data) with hard data (e.g. A/B test outcomes) through business modeling and analytics.",
				"Ability to work collaboratively with development/implementation staff through the design and build of new business processes and systems",
				"Result-driven, positive “can-do” attitude.",
				"Ability to stay abreast of current and emerging technologies in support of new concept development.",
				"Experience working with remote and global teams.",
				"Interesting hobby projects, open-source contributions, etc",
				"Sharing of knowledge - via either formal mentoring, reviewing code, reviewing design documents, providing technical talks, teaching classes, or as a consultant on projects."
			]
		},
		{
			"blueHeader": ["\nSelection Process"],
			"p": [
				"",
				"Once you apply here on Linkedin, our core team will review and reach out if we find the profile/portfolio suited for our current requirements. Here’s what you can expect as the next steps :",
				"Take home modeling exercise. This one is mandatory and typically would take about 2-3 days.",
				"Once we receive your assignment and if the reviewing team shortlists the same for further discussions, expect to have 3 rounds of discussions with folks from Data Sciences, Engineering & founding teams.",
				"We will keep you posted on the process every step of the way."
			]
		},
		{
			"header": "About Vector ML Analytics",
			"p": [
				"Vector ML Analytics is a leading global fintech company providing financial consulting and software development for banks and lending institutions. The company combines unmatched tech experience and financial domain expertise — powered by Vector ML Platform, the world’s leading advanced financial analytical technology and reporting intelligence. The company brings continuous innovation to help clients improve their financial analytical performance and create lasting value across their enterprises. Visit us at www.vmlanalytics.com",
				"Vector ML Analytics is an equal opportunities employer and welcomes applications from all sections of society and does not discriminate on the grounds of race, religion, or belief, ethnic or national origin, disability, age, citizenship, marital, gender identity, or any other basis as protected by applicable law."
			]
		},
		{
			"blueHeader": ["Closing Date for Applications: 31/08/21"],
			"p": [
				"\nVector ML Analytics reserves the right to close the role prior to this date should a suitable applicant be found."
			]
		}
	],
	"9": [
		{
			"header": "Opportunity",
			"p": [
				"Work with business leaders and alongside some of the most creative thinkers in the industry. Develop and deliver innovative and core technology solutions that transform the digital enterprise and maximize ROI? From strategy articulation and process design to technology enablement, we work together to simplify the complex, creating tangible value for our clients. We encourage consideration of flexible ways of working, both formal and informal arrangements, that allow for the best outcomes for our people and our clients. If this opportunity is of interest to you with some flexibilities, please do discuss it with us. Besides a competitive basic salary, you will also have an extensive benefits package that includes 30 days’ vacation per year, private medical insurance, and three extra days of leave per year for charitable work of your choice! Flexibility and mobility are required to deliver this role as there will be requirements to spend time onsite with our clients and partners to enable the delivery of the first-class services we are known for."
			]
		},
		{
			"header": "Role",
			"p": [
				"We’re expanding fast, so we’re looking for people who are, by which we mean natural initiative-takers who bring out the best in others, brilliant listeners and can grow our business without compromising standards, integrity or culture. You will work with outstanding digital talent across disciplines to innovate and create great solutions for iconic brands.",
				"As a member of the web development team, you will use your knowledge of web processes, and applications to design solutions, product features and services, influencing critical solution decisions."
			]
		},
		{
			"header": "Responsibilities",
			"points": [
				"Build applications with clear codes using JavaScript React framework.",
				"Testing projects against high load and taking necessary actions to handle them",
				"Ability to build reusable components and frontend libraries for future use.",
				"Optimizing components for maximum performance across web devices and browsers.",
				"Debug, diagnose, and fix software related problems in developing and existing software.",
				"Follow the software development lifecycle and practices of the company.",
				"Write functional requirement documents and guides",
				"Work effectively in diverse teams within an inclusive team culture where people are recognized for their contribution"
			]
		},
		{
			"header": "Qualifications",
			"p": [
				"Overall, you’re an ideas person and problem solver as well as a hands-on doer – that’s important. You know it takes a mix of people to do amazing work, so you love collaborating with and learning from people with different skills, backgrounds and perspectives. If you have an interesting or unusual mix of skills yourself, even better."
			]
		},
		{
			"blueHeader": ["\nTechnical Skills\n\n"],
			"points": [
				"A solid understanding of web markup, including HTML5 and CSS3",
				"A solid understanding of cross-browser compatibility",
				"Knowledge of Bootstrap, Material UI and/or Responsive Design",
				"A basic understanding of server-side CSS pre-processing platforms",
				"knowledge and utilisation of JavaScript framework (React)",
				"Experience with the following tools: Git, BitBucket, GitHub, Jira, Clickup are strong positive",
				"Understanding of data formats such as JSON, XML and CSV",
				"SEO best-practices knowledge and execution."
			]
		},
		{
			"header": "About Vector ML Analytics",
			"p": [
				"Vector ML Analytics is a leading global fintech company providing financial consulting and software development for banks and lending institutions. The company combines unmatched tech experience and financial domain expertise — powered by Vector ML Platform, the world’s leading advanced financial analytical technology and reporting intelligence. The company brings continuous innovation to help clients improve their financial analytical performance and create lasting value across their enterprises. Visit us at www.vmlanalytics.com",
				"Vector ML Analytics is an equal opportunities employer and welcomes applications from all sections of society and does not discriminate on the grounds of race, religion, or belief, ethnic or national origin, disability, age, citizenship, marital, gender identity, or any other basis as protected by applicable law."
			]
		},
		{
			"blueHeader": ["Closing Date for Applications: 31/08/21"],
			"p": [
				"\nVector ML Analytics reserves the right to close the role prior to this date should a suitable applicant be found."
			]
		}
	],
	"10": [
		{
			"header": "Opportunity",
			"p": [
				"Work with business leaders and alongside some of the most creative thinkers in the industry. Develop and deliver innovative and core technology solutions that transform the digital enterprise and maximize ROI? From strategy articulation and process design to technology enablement, we work together to simplify the complex, creating tangible value for our clients. We encourage consideration of flexible ways of working, both formal and informal arrangements, that allow for the best outcomes for our people and our clients. If this opportunity is of interest to you with some flexibilities, please do discuss it with us. Besides a competitive basic salary, you will also have an extensive benefits package that includes 30 days’ vacation per year, private medical insurance, and three extra days of leave per year for charitable work of your choice! Flexibility and mobility are required to deliver this role as there will be requirements to spend time onsite with our clients and partners to enable the delivery of the first-class services we are known for."
			]
		},
		{
			"header": "Role",
			"p": [
				"We’re expanding fast, so we’re looking for people who are, by which we mean natural initiative-takers who bring out the best in others, brilliant listeners and can grow our business without compromising standards, integrity or culture. You will work with outstanding digital talent across disciplines to innovate and create great solutions for iconic brands.",
				"As a member of the web development team, you will use your knowledge of web processes, and applications to design solutions, product features and services, influencing critical solution decisions."
			]
		},
		{
			"header": "Responsibilities",
			"points": [
				"Designing and building efficient, scalable, and resilient RESTFul.",
				"Our developers are responsible for understanding the full scope of a feature, how it will be realized in our UI, used by our customers, and how our system will perform and scale.",
				"Committing tested, documented, and reviewed code on a frequent basis, ideally daily. ",
				"Task decomposition and continuous iterative delivery are a way of life at Vector ML.",
				"Collaborating with Product Management, UX, and other engineers to clarify requirements and design, and accurately estimating scope.",
				"Strong opinions are encouraged."
			]
		},
		{
			"header": "Qualifications",
			"p": [
				"Overall, you’re an ideas person and problem solver as well as a hands-on doer – that’s important. You know it takes a mix of people to do amazing work, so you love collaborating with and learning from people with different skills, backgrounds and perspectives. If you have an interesting or unusual mix of skills yourself, even better."
			]
		},
		{
			"blueHeader": ["\nTechnical Skills\n\n"],
			"points": [
				"Knowledge of Web API/REST server and client development, especially using Python framework Django ",
				"networking fundamentals, including knowledge of common network protocols and wire formats (e.g. HTTP) and debugging of network-level issues (e.g. packet captures, proxying)",
				"Strong Computer Science fundamentals in Data Structures, Algorithms and Object-Oriented Design",
				"Knowledge of working within agile development environment and working knowledge of agile software development methodologies and frameworks such as Scrum",
				"Knowledge of PostgreSQL",
				"Knowledge of the following tools: Git, BitBucket, GitHub, Jira, Clickup are strong positive"
			]
		},
		{
			"header": "About Vector ML Analytics",
			"p": [
				"Vector ML Analytics is a leading global fintech company providing financial consulting and software development for banks and lending institutions. The company combines unmatched tech experience and financial domain expertise — powered by Vector ML Platform, the world’s leading advanced financial analytical technology and reporting intelligence. The company brings continuous innovation to help clients improve their financial analytical performance and create lasting value across their enterprises. Visit us at www.vmlanalytics.com",
				"Vector ML Analytics is an equal opportunities employer and welcomes applications from all sections of society and does not discriminate on the grounds of race, religion, or belief, ethnic or national origin, disability, age, citizenship, marital, gender identity, or any other basis as protected by applicable law."
			]
		},
		{
			"blueHeader": ["Closing Date for Applications: 31/08/21"],
			"p": [
				"\nVector ML Analytics reserves the right to close the role prior to this date should a suitable applicant be found."
			]
		}
	],
	"11": [
		{
			"header": "Opportunity",
			"p": [
				"Work with business leaders and alongside some of the most creative thinkers in the industry. Develop and deliver innovative and core technology solutions that transform the digital enterprise and maximize ROI? From strategy articulation and process design to technology enablement, we work together to simplify the complex, creating tangible value for our clients. We encourage consideration of flexible ways of working, both formal and informal arrangements, that allow for the best outcomes for our people and our clients. If this opportunity is of interest to you with some flexibilities, please do discuss it with us. Besides a competitive basic salary, you will also have an extensive benefits package that includes 30 days’ vacation per year, private medical insurance, and three extra days of leave per year for charitable work of your choice! Flexibility and mobility are required to deliver this role as there will be requirements to spend time onsite with our clients and partners to enable the delivery of the first-class services we are known for."
			]
		},
		{
			"header": "Role",
			"p": [
				"We’re expanding fast, so we’re looking for people who are, by which we mean natural initiative-takers who bring out the best in others, brilliant listeners and can grow our business without compromising standards, integrity or culture. You will work with outstanding digital talent across disciplines to innovate and create great solutions for iconic brands.",
				"As a member of the web development team, you will use your knowledge of web processes, and applications to design solutions, product features and services, influencing critical solution decisions."
			]
		},
		{
			"header": "Responsibilities",
			"points": [
				"Collaborate with product management and engineering to define and implement innovative solutions for a product’s direction, visuals, and user experience",
				"Identify opportunities to refine existing user journeys, flows, and components",
				"Translate written and verbal requirements into visual examples",
				"Present and defend designs and key milestone deliverables to peers",
				"Adhere to style standards for typography and graphic design",
				"Develop and promote design guidelines, best practices, and standards to instill brand continuity"
			]
		},
		{
			"header": "Qualifications",
			"p": [
				"Overall, you’re an ideas person and problem solver as well as a hands-on doer – that’s important. You know it takes a mix of people to do amazing work, so you love collaborating with and learning from people with different skills, backgrounds and perspectives. If you have an interesting or unusual mix of skills yourself, even better."
			]
		},
		{
			"blueHeader": ["\nTechnical Skills\n\n"],
			"points": [
				"Demonstrable UI design skills with a strong portfolio",
				"Experience in creating wireframes, storyboards, user flows, process flows and site maps",
				"Experience working on a product from inception to shipment",
				"Ability to manage time and work efficiently and effectively to produce deliverables in a fast-paced, multi-project environment",
				"Ability to present your designs and sell your solutions to colleagues",
				"Excellent communication (oral and written), presentation, interpersonal, and analytical skills; the ability to communicate complex interaction concepts clearly and persuasively",
				"Experience in Photoshop, Illustrator, Figma, and/or other visual design and wire-framing tools",
				"Ability to solve problems creatively and effectively",
				"Experience working in an Agile development process",
				"Experience in HTML, CSS, and JavaScript for rapid prototyping are strong positive"
			]
		},
		{
			"header": "About Vector ML Analytics",
			"p": [
				"Vector ML Analytics is a leading global fintech company providing financial consulting and software development for banks and lending institutions. The company combines unmatched tech experience and financial domain expertise — powered by Vector ML Platform, the world’s leading advanced financial analytical technology and reporting intelligence. The company brings continuous innovation to help clients improve their financial analytical performance and create lasting value across their enterprises. Visit us at www.vmlanalytics.com",
				"Vector ML Analytics is an equal opportunities employer and welcomes applications from all sections of society and does not discriminate on the grounds of race, religion, or belief, ethnic or national origin, disability, age, citizenship, marital, gender identity, or any other basis as protected by applicable law."
			]
		},
		{
			"blueHeader": ["Closing Date for Applications: 31/08/21"],
			"p": [
				"\nVector ML Analytics reserves the right to close the role prior to this date should a suitable applicant be found."
			]
		}
	],
	"12": [
		{
			"p": ["\n"]
		},
		{
			"header": "Opportunity",
			"p": [
				"Work with business leaders and alongside some of the most creative thinkers in the industry. Develop and deliver innovative and core technology solutions that transform the digital enterprise and maximize ROI? From strategy articulation and process design to technology enablement, we work together to simplify the complex, creating tangible value for our clients. We encourage consideration of flexible ways of working, both formal and informal arrangements, that allow for the best outcomes for our people and our clients. If this opportunity is of interest to you with some flexibilities, please do discuss it with us. Besides a competitive basic salary, you will also have an extensive benefits package that includes 30 days’ vacation per year, private medical insurance, and three extra days of leave per year for charitable work of your choice! Flexibility and mobility are required to deliver this role as there will be requirements to spend time onsite with our clients and partners to enable the delivery of the first-class services we are known for."
			]
		},
		{
			"header": "Role",
			"p": [
				"We’re expanding fast, so we’re looking for natural initiative-takers who bring out the best in others, brilliant listeners, who can grow our business without compromising standards, integrity, or culture. You will work with outstanding digital talent across disciplines to innovate and create great solutions for iconic brands. We are looking for an energetic and experienced person. The chosen candidate will be responsible for developing data mining, predictive analytic, and solution development. Experience in banking and financial services will be favored."
			]
		},
		{
			"header": "Responsibilities",
			"points": [
				"Responsible for designing, building, and deploying credit risk models, policies, infrastructure, and decision strategies. ",
				"Develop and maintain credit risk models and strategies, including the probability of default (PD), Loss Given Default (LGD), Exposure at Default (EAD), and Expected Loss (EL).",
				"Responsible for credit risk scorecard model development & validation, decision and limit Strategy development, loss forecasting, developing segmentation models, and credit risk regulatory model monitoring.",
				"Responsible for building the AutoML prepayment and credit engines using one of the following libraries; Auto-Sklearn, AutoFolio, H2O AutoML, and Auto-Keras.  ",
				"Work with ML libraries and applications, e.g. Neural Networks, SVMs, Boosting methods, and implementation using SAS, R, and Python to create an efficient production-ready code.",
				"Work with the data science team to write highly optimized code that will advance our state-of-the-art banking/finance platform.",
				"Research and build predictive models to help users make the best financial decisions.",
				"Develop a clear and concise analytical approach for problem-solving.",
				"Manage the delivery of projects, including timely communication, setting milestones, and tracking. ",
				"Drive data-driven decision-making and overall risk strategy, including lifetime value modeling, pricing, and credit limit strategy through end-to-end ownership of experiments: from collecting and building hypotheses to establishing statistical significance on results.",
				"Collaborate closely with other functions on modeling ideas and building analytics.",
				"Coach and mentor junior staff on decision science tools and techniques."
			]
		},
		{
			"header": "Qualifications",
			"p": [
				"Ideally, you should be able to write code and help guide the broader industry towards a technology you believe in. You have immediate credibility with technologists and developers at all levels, from students to CIOs. You love to share your passion with others and exhibit good judgment in selecting strategic opportunities to do so. You don't just want to be part of an industry movement; you want to be leading it. "
			]
		},
		{
			"blueHeader": ["\nTechnical Skills"],
			"p": [""],
			"points": [
				"Academic paper level understanding of math e.g. linear algebra, calculus, etc is preferred. ",
				"Solid foundations in computer science and extensive relevant work experience in data structures, algorithms, AI, machine learning, deep Learning, and software design.",
				"Expertise with statistical data analysis such as linear models, multivariate analysis, stochastic models, and sampling methods.",
				"Exposure and experience with lending products such as home lending, credit cards, personal loans, mortgages, small business lending, wholesale banking, and business banking.",
				"Deep knowledge of predictive models, scorecards, credit policies, loan pricing, and loss forecasting in secured and unsecured contexts.",
				"Thorough understanding of AutoML libraries and functions.  ",
				"Experience in articulating and translating business questions and arriving with answers using data science techniques, such as supervised and unsupervised ML, deep learning, ML infrastructure, and graph-based models. ",
				"Experience in designing and building end-to-end machine learning-based pipelines.",
				"Interest in financial services and a passion for shipping high-quality consumer-facing products.",
				"Able to self-manage priorities and deliverables while working in a fast-paced, start-up environment.",
				"Experience in programming languages often used within analytics, data mining, and data science: Python, R, SAS, Python (Scikit-learn, Tensorflow, and Keras), and SQL, while knowledge of Django and JavaScript may also be of value.",
				"You have built and prototyped analysis pipelines iteratively to provide insights at scale on tools such as Hive, Pyspark, Spark, Apache Hadoop, and AWS Redshift.",
				"Experience with database management systems, data platforms (e.g. Streaming Data Platform, Kafka, Logstash, Teradata, Hadoop, etc.), and data formats (e.g. SQL, NoSQL, AWS S3, JSON, Redis, neo4j, etc.) for efficient ML feature extraction and data transformations.",
				"Experience in regulatory/Basel modeling and advanced analytics using Data Science & Machine Learning.",
				"Experience in advanced risk analytics using data science & machine learning decision science, including IFRS9, BASEL accord, collection strategy, underwriting, loan impairment forecasting, and credit underwriting in the banking or lending industry.",
				"Experience dealing with ‘big data’ (collecting and mining huge amounts of data and analyzing it) and working on real-life large messy datasets to solve real business problems. Kaggle's experience is a plus.",
				"Experience in automation and build infrastructure in large-scale and distributed environments.",
				"Previous experience moving prototypes to the production environment."
			]
		},
		{
			"blueHeader": ["\nSocial Skills"],
			"p": [""],
			"points": [
				"Have a passion that separates you from the crowd and the ability to think out of the box.",
				"Possess multi-dimensional skills that make you a valuable co-worker in a fast, changing, and ambiguous environment.",
				"Have the ability to learn other coding languages as needed quickly.",
				"Comfortable working with a team that deals with ambiguity every day.",
				"Articulate complicated technical concepts clearly.",
				"Effective written and verbal communication skills and the ability to adapt the communication style to a specific audience.",
				"Deliver quantifiable improvements while effectively being able to communicate complex solutions.",
				"Willing to operate in a fast-paced environment, initiating and driving quick pilots.",
				"Data-driven mindset, able to supplement soft analysis (e.g. customer survey data) with hard data (e.g. A/B test outcomes) through business modeling and analytics.",
				"Ability to work collaboratively with development/implementation staff through the design and build of new business processes and systems",
				"Result-driven, positive “can-do” attitude.",
				"Ability to stay abreast of current and emerging technologies in support of new concept development.",
				"Experience working with remote and global teams.",
				"Interesting hobby projects, open-source contributions, etc",
				"Sharing of knowledge - via either formal mentoring, reviewing code, reviewing design documents, providing technical talks, teaching classes, or as a consultant on projects."
			]
		},
		{
			"blueHeader": ["\nSelection Process"],
			"p": [
				"",
				"Once you apply here on Linkedin, our core team will review and reach out if we find the profile/portfolio suited for our current requirements. Here’s what you can expect as the next steps :",
				"Take home modeling exercise. This one is mandatory and typically would take about 2-3 days.",
				"Once we receive your assignment and if the reviewing team shortlists the same for further discussions, expect to have 3 rounds of discussions with folks from Data Sciences, Engineering & founding teams.",
				"We will keep you posted on the process every step of the way."
			]
		},
		{
			"header": "About Vector ML Analytics",
			"p": [
				"Vector ML Analytics is a leading global fintech company providing financial consulting and software development for banks and lending institutions. The company combines unmatched tech experience and financial domain expertise — powered by Vector ML Platform, the world’s leading advanced financial analytical technology and reporting intelligence. The company brings continuous innovation to help clients improve their financial analytical performance and create lasting value across their enterprises. Visit us at www.vmlanalytics.com",
				"Vector ML Analytics is an equal opportunities employer and welcomes applications from all sections of society and does not discriminate on the grounds of race, religion, or belief, ethnic or national origin, disability, age, citizenship, marital, gender identity, or any other basis as protected by applicable law."
			]
		},
		{
			"blueHeader": ["Closing Date for Applications: 31/08/21"],
			"p": [
				"\nVector ML Analytics reserves the right to close the role prior to this date should a suitable applicant be found."
			]
		}
	]
}
