[
	{
		"header": "Lead Solution Architect",
		"p": "Vector ML Analytics is a leading Canadian fintech company providing ALM and credit risk analytics software for banks and lending institutions through its cloud-based platform, which uses automated machine learning algorithms to develop performance models. With its thought leadership and innovation culture, the company applies industry expertise, diverse skill sets, and next-generation technology to banking and lending analytics. Furthermore, the company believes in inclusion and diversity. Core values include Stewardship, Best People, Client Value Creation, One Global Network, Respect for the Individual, and Integrity.",
		"subHeader": "94001",
		"subP": "\nJob Number: 94001\nJob Role: Lead Solution Architect\nCountry: Canada - UK - Turkey\nLocation: Office – Remote Option\nCareer Level: Senior"
	},
	{
		"header": "Full Stack Developer",
		"p": "Vector ML Analytics is a leading Canadian fintech company providing ALM and credit risk analytics software for banks and lending institutions through its cloud-based platform, which uses automated machine learning algorithms to develop performance models. With its thought leadership and innovation culture, the company applies industry expertise, diverse skill sets, and next-generation technology to banking and lending analytics. Furthermore, the company believes in inclusion and diversity. Core values include Stewardship, Best People, Client Value Creation, One Global Network, Respect for the Individual, and Integrity.",
		"subHeader": "94002",
		"subP": "\nJob Number: 94002\nJob Role: Full Stack Developer\nCountry: Canada - UK - Turkey\nLocation: Office – Remote Option\nCareer Level: Senior"
	},
	{
		"header": "Frontend Web Developer",
		"p": "Vector ML Analytics is a leading Canadian fintech company providing ALM and credit risk analytics software for banks and lending institutions through its cloud-based platform, which uses automated machine learning algorithms to develop performance models. With its thought leadership and innovation culture, the company applies industry expertise, diverse skill sets, and next-generation technology to banking and lending analytics. Furthermore, the company believes in inclusion and diversity. Core values include Stewardship, Best People, Client Value Creation, One Global Network, Respect for the Individual, and Integrity.",
		"subHeader": "94003",
		"subP": "\nJob Number: 94003\nJob Role: Frontend Web Developer\nCountry: Canada - UK - Turkey\nLocation: Office – Remote Option\nCareer Level: Senior"
	},
	{
		"header": "Backend Developer",
		"p": "Vector ML Analytics is a leading Canadian fintech company providing ALM and credit risk analytics software for banks and lending institutions through its cloud-based platform, which uses automated machine learning algorithms to develop performance models. With its thought leadership and innovation culture, the company applies industry expertise, diverse skill sets, and next-generation technology to banking and lending analytics. Furthermore, the company believes in inclusion and diversity. Core values include Stewardship, Best People, Client Value Creation, One Global Network, Respect for the Individual, and Integrity.",
		"subHeader": "94004",
		"subP": "\nJob Number: 94004\nJob Role: Backend Developer\nCountry: Canada - UK - Turkey\nLocation: Office – Remote Option\nCareer Level: Senior"
	},
	{
		"header": "UI/UX Designer",
		"p": "Vector ML Analytics is a leading Canadian fintech company providing ALM and credit risk analytics software for banks and lending institutions through its cloud-based platform, which uses automated machine learning algorithms to develop performance models. With its thought leadership and innovation culture, the company applies industry expertise, diverse skill sets, and next-generation technology to banking and lending analytics. Furthermore, the company believes in inclusion and diversity. Core values include Stewardship, Best People, Client Value Creation, One Global Network, Respect for the Individual, and Integrity.",
		"subHeader": "94005",
		"subP": "\nJob Number: 94005\nJob Role: UI/UX Designer\nCountry: Canada - UK - Turkey\nLocation: Office – Remote Option\nCareer Level: Senior"
	},
	{
		"header": "Scrum Master",
		"p": "Vector ML Analytics is a leading Canadian fintech company providing ALM and credit risk analytics software for banks and lending institutions through its cloud-based platform, which uses automated machine learning algorithms to develop performance models. With its thought leadership and innovation culture, the company applies industry expertise, diverse skill sets, and next-generation technology to banking and lending analytics. Furthermore, the company believes in inclusion and diversity. Core values include Stewardship, Best People, Client Value Creation, One Global Network, Respect for the Individual, and Integrity.",
		"subHeader": "94006",
		"subP": "\nJob Number: 94006\nJob Role: Scrum Master\nCountry: Canada - UK - Turkey\nLocation: Office – Remote Option\nCareer Level: Senior"
	},
	{
		"header": "Data Scientist - Credit Risk",
		"p": "Vector ML Analytics is a leading Canadian fintech company providing ALM and credit risk analytics software for banks and lending institutions through its cloud-based platform, which uses automated machine learning algorithms to develop performance models. With its thought leadership and innovation culture, the company applies industry expertise, diverse skill sets, and next-generation technology to banking and lending analytics. Furthermore, the company believes in inclusion and diversity. Core values include Stewardship, Best People, Client Value Creation, One Global Network, Respect for the Individual, and Integrity.",
		"subHeader": "94007",
		"subP": "\nJob Number: 94007\nJob Role: Data Scientist - Credit Risk\nCountry: Canada - UK - Turkey\nLocation: Office – Remote Option\nCareer Level: Senior"
	},
	{
		"header": "Senior Data Scientist - Credit Risk",
		"p": "Vector ML Analytics is a leading Canadian fintech company providing ALM and credit risk analytics software for banks and lending institutions through its cloud-based platform, which uses automated machine learning algorithms to develop performance models. With its thought leadership and innovation culture, the company applies industry expertise, diverse skill sets, and next-generation technology to banking and lending analytics. Furthermore, the company believes in inclusion and diversity. Core values include Stewardship, Best People, Client Value Creation, One Global Network, Respect for the Individual, and Integrity.",
		"subHeader": "94008",
		"subP": "\nJob Number: 94008\nJob Role: Senior Data Scientist - Credit Risk\nCountry: Canada - UK - Turkey\nLocation: Office – Remote Option\nCareer Level: Senior"
	},
	{
		"header": "VP Data Science - Credit Risk",
		"p": "Vector ML Analytics is a leading Canadian fintech company providing ALM and credit risk analytics software for banks and lending institutions through its cloud-based platform, which uses automated machine learning algorithms to develop performance models. With its thought leadership and innovation culture, the company applies industry expertise, diverse skill sets, and next-generation technology to banking and lending analytics. Furthermore, the company believes in inclusion and diversity. Core values include Stewardship, Best People, Client Value Creation, One Global Network, Respect for the Individual, and Integrity.",
		"subHeader": "94009",
		"subP": "\nJob Number: 94009\nJob Role: VP Data Scientist - Credit Risk\nCountry: Canada - UK - Turkey\nLocation: Office – Remote Option\nCareer Level: Senior"
	},
	{
		"header": "Frontend Web Developer - Intern",
		"p": "Vector ML Analytics is a leading Canadian fintech company providing ALM and credit risk analytics software for banks and lending institutions through its cloud-based platform, which uses automated machine learning algorithms to develop performance models. With its thought leadership and innovation culture, the company applies industry expertise, diverse skill sets, and next-generation technology to banking and lending analytics. Furthermore, the company believes in inclusion and diversity. Core values include Stewardship, Best People, Client Value Creation, One Global Network, Respect for the Individual, and Integrity.",
		"subHeader": "94010",
		"subP": "\nJob Number: 94010\nJob Role: Frontend Web Developer - Intern\nCountry: Canada - UK - Turkey\nLocation: Office – Remote Option\nCareer Level: Intern"
	},
	{
		"header": "Backend Developer - Intern",
		"p": "Vector ML Analytics is a leading Canadian fintech company providing ALM and credit risk analytics software for banks and lending institutions through its cloud-based platform, which uses automated machine learning algorithms to develop performance models. With its thought leadership and innovation culture, the company applies industry expertise, diverse skill sets, and next-generation technology to banking and lending analytics. Furthermore, the company believes in inclusion and diversity. Core values include Stewardship, Best People, Client Value Creation, One Global Network, Respect for the Individual, and Integrity.",
		"subHeader": "94011",
		"subP": "\nJob Number: 94011\nJob Role: Backend Developer - Intern\nCountry: Canada - UK - Turkey\nLocation: Office – Remote Option\nCareer Level: Intern"
	},
	{
		"header": "UI/UX Designer - Intern",
		"p": "Vector ML Analytics is a leading Canadian fintech company providing ALM and credit risk analytics software for banks and lending institutions through its cloud-based platform, which uses automated machine learning algorithms to develop performance models. With its thought leadership and innovation culture, the company applies industry expertise, diverse skill sets, and next-generation technology to banking and lending analytics. Furthermore, the company believes in inclusion and diversity. Core values include Stewardship, Best People, Client Value Creation, One Global Network, Respect for the Individual, and Integrity.",
		"subHeader": "94012",
		"subP": "\nJob Number: 94012\nJob Role: UI/UX Designer - Intern\nCountry: Canada - UK - Turkey\nLocation: Office – Remote Option\nCareer Level: Intern"
	},
	{
		"header": "Data Scientist - Credit Risk - Intern",
		"p": "Vector ML Analytics is a leading Canadian fintech company providing ALM and credit risk analytics software for banks and lending institutions through its cloud-based platform, which uses automated machine learning algorithms to develop performance models. With its thought leadership and innovation culture, the company applies industry expertise, diverse skill sets, and next-generation technology to banking and lending analytics. Furthermore, the company believes in inclusion and diversity. Core values include Stewardship, Best People, Client Value Creation, One Global Network, Respect for the Individual, and Integrity.",
		"subHeader": "94013",
		"subP": "\nJob Number: 94013\nJob Role: Data Scientist - Credit Risk - Intern\nCountry: Canada - UK - Turkey\nLocation: Office – Remote Option\nCareer Level: Intern"
	}
]
