[
    {
      "title": "FP&A",
      "items": [
        "Financial Statements Projections",
        "Cash Flow Forecasting",
        "Liquidity and Capital Planning",
        "Pricing & Profitability Analysis",
        "Prepayment Analysis",
        "Regulatory Reporting",
        "Scenario Planning"
      ]
    },
    {
      "title": "ALM",
      "items": [
        "Interest Rate Risk",
        "Net Interest Income (NII)",
        "Economic Value of Equity (EVE)",
        "Duration Gap Analysis",
        "Stress Testing",
        "Loan Valuation",
        "Hedging"
      ]
    },
    {
      "title": "Credit Risk",
      "items": [
        "Static and Dynamic Loss",
        "Vintage Analysis",
        "Delinquency Migration",
        "EL, PD, LGD, EAD",
        "DF Timing Curve",
        "CECL & IFRS 9",
        "Stress Testing",
        "Compliance Monitoring"
      ]
    },
    {
      "title": "Capital Markets",
      "items": [
        "Securitization Reporting",
        "Portfolio Surveillance",
        "Warehouse Monitoring",
        "ABS Rating Methodology",
        "WH Optimization of Triggers",
        "Borrowing Base & Waterfall Reporting"
      ]
    }
  ]
  