{
	"0": [
		{
			"header": "Vector ML Analytics Selected to Pitch at New York Fintech Week 2023",
			"p": [
				"New York - April 2023 - Vector ML Analytics, a leading financial forecasting platform for banks and lending institutions, is thrilled to announce its participation in the prestigious New York Fintech Week 2023, taking place from April 24-28. As part of RevTech Labs Class 18, Vector ML Analytics will be pitching its innovative solution alongside other notable startups from Techstars, Anthemis Group, Edison Partners, Better Tomorrow Ventures, Vestigo Ventures, Oak HC/FT, TTV Capital, Company Capital, RevTech Labs Capital, and Empire Startups in the Everything FinTech category."
			]
		},
        {
            "p":["This event showcases cutting-edge fintech solutions and provides an incredible opportunity for Vector ML Analytics to demonstrate its commitment to transforming the financial forecasting landscape. The company currently serves a regulated bank with a balance sheet of around one billion dollars and has established strategic partnerships with HES, a loan servicing company working with over 120 lending companies."]
        },
        {
            "p":["New York Fintech Week is a highly anticipated event that brings together fintech experts, investors, and startups from around the globe to discuss industry trends, share ideas, and explore potential collaborations. Vector ML Analytics is honored to participate and looks forward to presenting its groundbreaking platform to the fintech community."]
        },
		{
			"p": [
				"For more information about Vector ML Analytics, please visit https://vectormla.com."
			]
		},
		{   "header": "About Vector ML Analytics:",
			"p": [
				"Vector ML Analytics is a financial forecasting platform designed for banks and lending institutions. In light of the ongoing banking crisis, there is an urgent need for financial planning and forecasting tools. Vector ML Analytics equips banks with essential analytics and early warning indicators to prevent crises, optimize profitability, and manage liquidity and capital."
			]
		},
        {   
            "header": "For media inquiries, please contact:",
            "p":[
                "Sadeq Safarini CEO"
            ]
        },
        {  "p":[
                "Vector ML Analytics"
            ]
        },
        {
            "p":[
            "420 Lexington Avenue Suite 1402"
            ]
        },
        {  
            "p":[
                "New York, NY 10170"
            ]
        }
    ],
    "1": [
        {   "header": "Vector ML Analytics Accepted into RevTech Labs Class 18",
            "p": [
                "New York - March, 2023 - Vector ML Analytics is excited to announce its acceptance into RevTech Labs Class 18, a prestigious fintech accelerator program. This significant milestone underscores the hard work and vision of the Vector ML Analytics team, led by CEO Sadeq Safarini."
            ]
        }
        ,
        {
            "p":[
                "As a member of RevTech Labs Class 18, Vector ML Analytics gains access to a wealth of opportunities for growth, collaboration, and innovation within the thriving fintech ecosystem. The company's selection not only validates its commitment to transforming the financial forecasting landscape but also highlights its potential for significant growth and success."
            ]
        },
        {
            "p":[
                "Vector ML Analytics is no stranger to accomplishment, having already participated in Plug and Play Tech Center Fintech Batch 16 and graduated from the Newchip Accelerator. Additionally, the company is a proud member of MaRS Discovery District, Canada's largest startup ecosystem, and an Approved Vendor by the Canadian Lenders Association."
            ]
        },
        {
            "p":[
                "With a growing user base, strong revenue growth, and a scalable, innovative solution addressing a sizeable market opportunity, Vector ML Analytics is poised to make a lasting impact in the fintech sector. For more information about Vector ML Analytics, please visit https://vectormla.com."
            ]
        },
        {   "header": "About Vector ML Analytics:",
            "p":[
                "Vector ML Analytics is a financial forecasting platform designed for banks and lending institutions. In light of the ongoing banking crisis, there is an urgent need for financial planning and forecasting tools. Vector ML Analytics equips banks with essential analytics and early warning indicators to prevent crises, optimize profitability, and manage liquidity and capital."
            ]
        },

        {   "header": "For media inquiries, please contact:",
            "p":[
                "Sadeq Safarini CEO"
            ]
        },

        {  "p":[
                "Vector ML Analytics"
            ]
        },

        {  "p":[
                "420 Lexington Avenue Suite 1402"
            ]
        },

        {  "p":[
                "New York, NY 10170"
            ]
        }

    ],
    "2": [
        {   "header": "Vector ML Analytics Joins Plug and Play Fintech Silicon Valley Accelerator Program",
            "p": [
                "New York - Nov 15 - Vector ML Analytics, a leading financial forecasting software provider for banks and lending institutions, is proud to announce its inclusion in the Fintech Batch 16 Plug and Play Silicon Valley Accelerator Program."
            ]
        },
        {
            "p":[
                "Ranked among the top 15 fintech companies out of over 1,000 applicants, Vector ML Analytics has solidified its position as an innovator in the financial services industry. The prestigious 12-week accelerator program connects selected startups with some of the world's leading blue-chip corporates and venture capitalists, including Aareal Bank, Abanca, Banco BRB, BNP Paribas, Danske Bank, Deutsche Bank, DZ Bank, Elo, Moody's Analytics, Raiffeisen Bank International, UBI Banca, and UniCredit."
            ]
        },
        {
            "p":[
                "Vector ML Analytics' CEO, Sadeq Safarini, and VP of Operations, Jade Clarke, will be in San Francisco from November 15th to 18th to present at the November Summit, showcasing the company's innovative financial forecasting platform."
            ]
        },
        {
            "p":[
                "For more information about Vector ML Analytics, please contact Sadeq Safarini, CEO, or Jade Clarke, VP of Operations, please visit https://vectormla.com."
            ]
        },
        {   "header": "About Vector ML Analytics:",
            "p":[
                "Vector ML Analytics is a financial forecasting platform designed for banks and lending institutions. In light of the ongoing banking crisis, there is an urgent need for financial planning and forecasting tools. Vector ML Analytics equips banks with essential analytics and early warning indicators to prevent crises, optimize profitability, and manage liquidity and capital."
            ]
        },
        {   "header": "For media inquiries, please contact:",
            "p":[
                "Sadeq Safarini CEO"
            ]
        },
        {  "p":[
                "Vector ML Analytics"
            ]
        },
        {  "p":[
                "420 Lexington Avenue Suite 1402"
        ]
        }
    ],
    "3": [
        {   "header": "Vector ML Analytics Secures Funding from Right Side Capital Management and EV Private Investments",
            "p": [
                "New York - Nov 2022 - Vector ML Analytics, a leading financial forecasting software provider for banks and lending institutions, is thrilled to announce the successful completion of its latest funding round, with investments from Right Side Capital Management and EV Private Investments. This financial boost will enable Vector to continue its expansion and disrupt the financial analytics market, traditionally dominated by conventional analysts."
            ]
        },
        {
            "p":[
                "With its cutting-edge financial forecasting platform, Vector ML Analytics is poised to revolutionize the way banks and lending institutions approach financial planning and risk management. The company's innovative solutions are attracting attention from investors and industry experts alike, paving the way for further growth and success."
            ]
        },
        {
            "p":[
                "For more information about Vector ML Analytics, please contact Sadeq Safarini, CEO, or Jade Clarke, VP of Operations, please visit https://vectormla.com."
            ]
        },
        {   "header": "About Vector ML Analytics:",
            "p":[
                "Vector ML Analytics is a financial forecasting platform designed for banks and lending institutions. In light of the ongoing banking crisis, there is an urgent need for financial planning and forecasting tools. Vector ML Analytics equips banks with essential analytics and early warning indicators to prevent crises, optimize profitability, and manage liquidity and capital."
            ]
        },
        {   "header": "For media inquiries, please contact:",
            "p":[
                "Sadeq Safarini CEO"
            ]
        },
        {  "p":[
                "Vector ML Analytics"
            ]
        },
        {  "p":[
                "420 Lexington Avenue Suite 1402"
        ]
        }
    ],
    "4": [
        {   "header": "Don't Miss the 'How to Price a Loan' Panel on Thursday at 3:30 PM ET",
            "p": [
                "New York - Jan 2022 - Vector ML Analytics invites you to attend the 'How to Price a Loan' panel discussion this Thursday at 3:30 PM ET. The panel will explore the importance of accurate loan pricing, a critical aspect of a lending business that is often overlooked. Mispricing loans can lead to increased risk, poor capital efficiency, and negative impacts on margin and volume. The panel will discuss how different Canadian lenders approach pricing science and automation, offering best practices for lenders to adopt in the wake of COVID-19."
            ]
        },
        {
            "p":[
                "To register for the event, please visit: https://lnkd.in/dgDzuFh8"
            ]
        },
        {   "headers": "The panel features esteemed industry experts, including:",
            "points":[
                "Sadeq Safarini of Vector ML Analytics",
                "Prashant Balepur of Nomis Solutions",
                "Geoffrey Finnie of BMO Financial Group",
                "Paul Sy of TransUnion",
                "Sundar Ramanathan, CFA of First West Credit Union"
            ]
        },
        {
            "p":[
                "Don't miss this opportunity to participate in a live Q&A with these thought leaders in the lending industry."
            ]
        },
        {   "header": "About Vector ML Analytics:",
            "p":[
                "Vector ML Analytics is a financial forecasting platform designed for banks and lending institutions. In light of the ongoing banking crisis, there is an urgent need for financial planning and forecasting tools. Vector ML Analytics equips banks with essential analytics and early warning indicators to prevent crises, optimize profitability, and manage liquidity and capital."
            ]
        },
        {   "header": "For media inquiries, please contact:",
            "p":[
                "Sadeq Safarini CEO"
            ]
        },
        {  "p":[
                "Vector ML Analytics"
            ]
        },
        {  "p":[
                "420 Lexington Avenue Suite 1402"
            ]
        },
        {  "p":[
                "New York, NY 10170"
            ]
        }
    ]

}