[
    {
        "header": "",
        "description": [
        ]
    },
    {
        "header": "Financial Statements Projections",
        "description": [
            "Vector's Financial Statements Projections module is a crucial tool for banks and lending institutions, providing a comprehensive view of their future financial health. By generating 5-year projected balance sheets, income statements, and cash flow statements, this module empowers financial professionals to make informed decisions about profitability, capital, liquidity, and regulatory compliance.", "One of the standout features of Vector is its ability to capture the entire trial balance, map the general ledger, and produce financial statements both for historical data and future projections. This ensures that all financial elements are accurately represented, providing a complete and precise picture of the institution's financial status. For banks and lending institutions, accurate financial projections are essential for several reasons. They help establish management goals for key financial metrics such as Return on Assets (ROA), Return on Equity (ROE), and leverage. By understanding these future metrics, institutions can set strategic objectives and align their operations accordingly.", "Vector's capability to perform trend analysis and run simulations based on detailed loan-level data and user-defined stress scenarios further enhances its value. These features ensure that all critical financial elements, including interest income, fees, liquidity, and capital needs, are accurately modeled. Comprehensive modeling allows institutions to anticipate and prepare for various economic conditions and regulatory changes, enhancing their resilience and stability.", "Proactive financial planning is vital for maintaining a competitive edge in the market. By using Vector's Financial Statements Projections, banks and lending institutions can identify potential challenges and opportunities early, enabling them to adapt their strategies and allocate resources more effectively. This forward-looking approach supports strategic planning, risk management, and regulatory compliance, ultimately driving better financial outcomes and long-term success."
        ]
    },
    {
        "header": "Liquidity and Capital Planning",
        "description": [
            "Cash Flow Forecasting and Liquidity Planning are essential processes for banks and non-bank lending institutions to ensure they have sufficient liquidity to meet their financial obligations and maintain operational stability. Vector provides precise cash flow projections with loan-level amortization tables, enabling institutions to accurately predict future cash inflows and outflows.", "For banks, cash flow forecasting and liquidity planning are crucial for meeting regulatory requirements and maintaining financial health. This includes capital and liquidity forecasting, covering key regulatory standards such as the Internal Liquidity Adequacy Assessment Process (ILAAP), Liquidity Coverage Ratio (LCR), and Net Stable Funding Ratio (NSFR).", "By integrating detailed cash flow forecasting with robust liquidity planning, Vector helps banks enhance their financial management, ensure regulatory compliance, and maintain resilience against financial uncertainties.", "For non-bank lending institutions, Vector incorporates additional elements to ensure comprehensive liquidity planning and cash flow forecasting.", "Accurate cash flow forecasting is crucial for maintaining liquidity, managing operational expenses, and meeting capital requirements. It allows non-bank lending institutions to plan for future funding needs, optimize investment strategies, and ensure regulatory compliance. By modeling key elements such as interest income, fees, and liabilities alongside operational expenses, Vector provides a holistic and accurate view of future financial stability. This proactive approach to cash flow management supports both day-to-day operations and long-term financial planning and risk management, ensuring that banks and non-bank lending institutions are well-prepared for future challenges and opportunities"
        ]
    },
    
    {
        "header": "Capital Requirements",
        "description": [
            "Capital requirements are critical for both banks and non-bank lending institutions to ensure financial stability and resilience. These requirements serve different purposes based on the institution's structure and regulatory framework.", "For banks, capital requirements are designed to absorb potential losses and protect depositors, maintaining overall financial stability. One key component is the Internal Capital Adequacy Assessment Process (ICAAP), which helps banks evaluate their capital adequacy in relation to their risk profiles. This involves calculating risk-weighted assets (RWA) to determine the necessary regulatory capital. Banks must maintain a sufficient capital buffer to meet regulatory capital targets and required leverage ratios, ensuring they can withstand financial stress and continue operations without interruption.", "Vector enhances this process by applying stress testing and scenario optimization, helping banks evaluate their capital adequacy under various adverse conditions and optimize their capital structure accordingly.", "For non-bank lending institutions, capital is crucial to support the borrowing base and cover potential operational losses. These institutions need to manage capital to account for ineligible loans, excess concentration, and delinquent accounts that cannot be funded by warehouse (WH) capital.", "Capital also plays a significant role in determining the leverage ratio for non-bank lending institutions, balancing the need for growth with financial stability. Vector's capabilities in stress testing and scenario optimization assist these institutions in managing their capital effectively, ensuring they can navigate financial challenges and optimize their capital structure for long-term success. By integrating capital requirements into their financial planning, both banks and non-bank lending institutions can enhance their resilience, meet regulatory standards, and maintain robust risk management practices."
        ]
    },
    {
        "header": "Pricing & Profitability Analysis",
        "description": [
            "Vector ML Analytics offers a comprehensive examination of all elements in the Profit and Loss (P&L) statement, ensuring accurate and efficient pricing strategies. Here’s how Vector ML Analytics enhances loan pricing and profitability analysis:", "Vector ML Analytics performs a thorough analysis of both direct and indirect costs associated with lending, including interest expenses, credit loss provisions, operational, and overhead costs. This ensures all financial factors are considered in the pricing strategy. The software also enables dynamic pricing models, allowing banks to adjust loan prices based on changing market conditions, cost of funds, and borrower risk profiles. Regular updates ensure the models reflect the latest financial data and economic trends.", "Utilizing metrics such as return on assets (ROA) and return on equity (ROE), Vector ML Analytics helps banks evaluate loan product performance, ensuring each loan contributes positively to overall profitability. The software adjusts loan interest rates and fees based on the borrower’s credit risk, charging higher rates for higher-risk borrowers to compensate for the increased likelihood of default.", "The software continuously monitors loan performance and market conditions, enabling banks to regularly review and adjust pricing strategies in response to competitive pressures and economic changes. Vector ML Analytics integrates all elements of the P&L statement, ensuring competitively priced and profitable loan products. This comprehensive approach enhances financial performance and supports sustainable growth in a competitive banking environment."
        ]
    },
    {
        "header": "Prepayment Analysis",
        "description": [
            "Accurately predicting loan prepayments is essential for effective risk management and loan pricing. Vector ML Analytics offers advanced prepayment modeling using Conditional Prepayment Rate (CPR) and Single Monthly Mortality (SMM).", "Vector ML Analytics integrates CPR and SMM for detailed prepayment forecasts, optimizing loan pricing and portfolio management."
        ]
    },
    {
        "header": "Regulatory Reporting",
        "description": [
            "Regulatory reporting is crucial for maintaining financial stability and integrity. It ensures banks operate within safe practices, manage risks, and are adequately capitalized. Compliance fosters trust among regulators, investors, and the public. Advanced tools like Vector ML Analytics streamline reporting, ensuring accuracy and compliance while focusing on strategic financial planning and risk management."
        ]
    },
    {
        "header": "Scenario Planning",
        "description": [
            "Vector ML Analytics enables banks and lenders to anticipate and prepare for future events through advanced scenario planning. Banks can adjust assumptions and apply multiple interest rate, credit loss, and liquidity shocks to test their resilience. This tool helps in identifying risks, making informed decisions, and ensuring regulatory compliance. Enhanced modeling and visualization capabilities support strategic flexibility and effective stress testing."
        ]
    }
]